case_id,state_of_case,court_rules,ruling,judge,dept_num
785147,resolved,https://kingcounty.gov/courts/clerk/rules.aspx,not guilty,Eula Issacof,8140-124
723780,in_court,https://kingcounty.gov/courts/clerk/rules.aspx,guilty,Ali Jacobowits,0600-104
853273,in_progress,https://kingcounty.gov/courts/clerk/rules.aspx,guilty,Risa Costain,8140-122
213468,in_court,https://kingcounty.gov/courts/clerk/rules.aspx,guilty,Barthel Camolli,1100-100
268831,resolved,https://www.courts.wa.gov/court_rules/,guilty,Cece Harryman,6708-122
264370,in_progress,https://kingcounty.gov/courts/clerk/rules.aspx,guilty,Jenny Malin,4773-104
209406,in_progress,https://kingcounty.gov/courts/clerk/rules.aspx,guilty,Walt Roskelly,6374-102
529926,in_court,https://www.courts.wa.gov/court_rules/,not guilty,Alida Caras,4613-118
669638,in_progress,https://kingcounty.gov/courts/clerk/rules.aspx,guilty,Rosella Tourne,2939-100
475745,in_court,https://kingcounty.gov/courts/clerk/rules.aspx,not guilty,Immanuel Tivers,8140-122
815917,in_court,https://www.courts.wa.gov/court_rules/,not guilty,Bobbee McGarrahan,8140-120
428047,in_progress,https://kingcounty.gov/courts/clerk/rules.aspx,not guilty,Daniela Aubrey,3360-106
105235,resolved,https://kingcounty.gov/courts/clerk/rules.aspx,not guilty,Didi Borne,8140-120
295684,in_progress,https://www.courts.wa.gov/court_rules/,not guilty,Onida Heynel,6708-122
751935,in_court,https://kingcounty.gov/courts/clerk/rules.aspx,guilty,Priscilla Shevlin,3360-118
397249,resolved,https://www.courts.wa.gov/court_rules/,guilty,Adolph Castagnone,8140-110
579842,in_progress,https://www.courts.wa.gov/court_rules/,not guilty,Martainn Greason,8140-102
467844,in_court,https://kingcounty.gov/courts/clerk/rules.aspx,guilty,Cal Curtin,3360-112
930767,resolved,https://www.courts.wa.gov/court_rules/,not guilty,Ozzy Dell Casa,6708-120
506971,in_progress,https://www.courts.wa.gov/court_rules/,not guilty,Miriam MacCroary,8140-104
170172,resolved,https://kingcounty.gov/courts/clerk/rules.aspx,guilty,Timmi Benini,5785-114
990705,in_court,https://www.courts.wa.gov/court_rules/,guilty,Hirsch Shepeard,0813-106
212480,resolved,https://kingcounty.gov/courts/clerk/rules.aspx,not guilty,Martynne Augur,0813-106
803576,in_court,https://www.courts.wa.gov/court_rules/,guilty,Berton Scamadin,1947-112
837347,in_progress,https://kingcounty.gov/courts/clerk/rules.aspx,not guilty,Jilly Windas,7692-106
197175,in_court,https://kingcounty.gov/courts/clerk/rules.aspx,guilty,Elsy Munkton,6401-112
638889,resolved,https://www.courts.wa.gov/court_rules/,not guilty,Aviva Applegate,9999-100
216235,in_progress,https://www.courts.wa.gov/court_rules/,guilty,Michal Breens,2021-124
547172,in_court,https://www.courts.wa.gov/court_rules/,guilty,Antone Craddock,3360-106
722841,in_progress,https://kingcounty.gov/courts/clerk/rules.aspx,not guilty,Sapphire McKerton,6708-106
630012,in_court,https://kingcounty.gov/courts/clerk/rules.aspx,guilty,Anastasia Cosans,9999-100
701329,in_court,https://www.courts.wa.gov/court_rules/,guilty,Kristina Pendlebery,2021-124
470529,resolved,https://www.courts.wa.gov/court_rules/,guilty,Zaccaria Clemence,0600-104
298122,in_progress,https://www.courts.wa.gov/court_rules/,not guilty,Max Le Barr,7692-118
199404,in_progress,https://www.courts.wa.gov/court_rules/,not guilty,Arda Ferrar,2911-114
677835,in_court,https://kingcounty.gov/courts/clerk/rules.aspx,not guilty,Stesha Jowling,5785-114
855747,resolved,https://www.courts.wa.gov/court_rules/,guilty,Farleigh Casacchia,0600-110
480924,in_progress,https://kingcounty.gov/courts/clerk/rules.aspx,not guilty,Catrina Banger,4805-104
233564,in_court,https://kingcounty.gov/courts/clerk/rules.aspx,not guilty,Regan Boother,2939-104
224930,resolved,https://www.courts.wa.gov/court_rules/,guilty,Melvin Aidler,4805-104
291739,resolved,https://www.courts.wa.gov/court_rules/,not guilty,Salomon Harriday,1489-110
498517,in_progress,https://www.courts.wa.gov/court_rules/,not guilty,Thorndike Finnan,4773-112
829984,in_court,https://kingcounty.gov/courts/clerk/rules.aspx,not guilty,Lyndell Matzl,1489-110
368016,resolved,https://www.courts.wa.gov/court_rules/,not guilty,Konstanze Gilvary,1100-110
419350,in_court,https://www.courts.wa.gov/court_rules/,not guilty,Shayla Esland,1100-116
681570,in_court,https://kingcounty.gov/courts/clerk/rules.aspx,guilty,Nikolia Kalinovich,2423-116
655781,in_court,https://www.courts.wa.gov/court_rules/,not guilty,Bastien Genders,4805-104
366391,resolved,https://kingcounty.gov/courts/clerk/rules.aspx,not guilty,Allianora Davenhill,3704-122
460420,resolved,https://www.courts.wa.gov/court_rules/,not guilty,Jeremy Guilloneau,6708-122
449268,in_progress,https://kingcounty.gov/courts/clerk/rules.aspx,not guilty,Elli Fawltey,1100-116
506091,in_court,https://www.courts.wa.gov/court_rules/,guilty,Elnar Honniebal,1568-124
759510,in_court,https://www.courts.wa.gov/court_rules/,guilty,Sidonnie Birtley,4773-118
475784,in_court,https://kingcounty.gov/courts/clerk/rules.aspx,not guilty,Adoree McMaster,5785-104
117103,resolved,https://www.courts.wa.gov/court_rules/,not guilty,Giselle Cromwell,4773-118
512558,in_progress,https://kingcounty.gov/courts/clerk/rules.aspx,not guilty,Mirabella Kuna,6708-106
772924,in_progress,https://www.courts.wa.gov/court_rules/,guilty,Abra Fogg,2939-110
527208,resolved,https://kingcounty.gov/courts/clerk/rules.aspx,guilty,Lindi Crossthwaite,8140-100
906074,in_court,https://www.courts.wa.gov/court_rules/,guilty,Salomon Killingworth,2939-108
532067,in_progress,https://kingcounty.gov/courts/clerk/rules.aspx,guilty,Libbi Jarmain,4773-102
272833,resolved,https://kingcounty.gov/courts/clerk/rules.aspx,guilty,Margaux Pavett,6708-120
651618,in_court,https://www.courts.wa.gov/court_rules/,guilty,Moreen Kobpa,5785-114
449059,resolved,https://www.courts.wa.gov/court_rules/,not guilty,Lawrence Gudger,2939-104
775565,resolved,https://kingcounty.gov/courts/clerk/rules.aspx,guilty,Sileas Neale,4613-118
351106,in_progress,https://www.courts.wa.gov/court_rules/,guilty,Susy Aldington,7922-124
882821,resolved,https://kingcounty.gov/courts/clerk/rules.aspx,guilty,Vladimir Tenaunt,4773-102
530872,resolved,https://kingcounty.gov/courts/clerk/rules.aspx,not guilty,Curtice Corser,4773-112
318910,resolved,https://kingcounty.gov/courts/clerk/rules.aspx,guilty,Donall Gobolos,3571-114
750212,resolved,https://kingcounty.gov/courts/clerk/rules.aspx,not guilty,Zaccaria Knight,1100-116
821385,in_court,https://kingcounty.gov/courts/clerk/rules.aspx,not guilty,Frederic Knoton,2423-116
443572,resolved,https://kingcounty.gov/courts/clerk/rules.aspx,not guilty,Roxanna Stert,8140-110
266414,resolved,https://kingcounty.gov/courts/clerk/rules.aspx,not guilty,Norry Simmig,0813-106
936167,resolved,https://www.courts.wa.gov/court_rules/,guilty,Kingsly Groneway,8140-102
765600,resolved,https://www.courts.wa.gov/court_rules/,not guilty,Talyah Varran,2939-104
596272,in_court,https://www.courts.wa.gov/court_rules/,not guilty,Scottie Ackroyd,0600-112
907404,in_progress,https://www.courts.wa.gov/court_rules/,not guilty,Padraic Bennough,0600-112
586212,in_progress,https://www.courts.wa.gov/court_rules/,guilty,Bord Pirnie,4773-118
153588,in_court,https://www.courts.wa.gov/court_rules/,guilty,Vyky Zapater,3360-118
404757,resolved,https://www.courts.wa.gov/court_rules/,not guilty,Nial Ayre,4805-108
503509,resolved,https://kingcounty.gov/courts/clerk/rules.aspx,not guilty,Woodie Jorge,1568-100
531502,in_court,https://www.courts.wa.gov/court_rules/,not guilty,Timothee Bohden,8140-124
330835,in_progress,https://kingcounty.gov/courts/clerk/rules.aspx,not guilty,Arnoldo Bilbee,8140-110
902425,resolved,https://www.courts.wa.gov/court_rules/,guilty,Dom Cobb,2939-110
447977,resolved,https://kingcounty.gov/courts/clerk/rules.aspx,guilty,Celestia Sandars,4613-118
754826,in_progress,https://www.courts.wa.gov/court_rules/,guilty,Claribel D'eye,6708-120
902881,in_court,https://www.courts.wa.gov/court_rules/,guilty,Ellen Clemont,1568-124
126460,resolved,https://kingcounty.gov/courts/clerk/rules.aspx,guilty,Audie Reveland,7692-106
674112,resolved,https://www.courts.wa.gov/court_rules/,not guilty,Arlie Noon,8140-120
356912,in_court,https://www.courts.wa.gov/court_rules/,not guilty,Ram Alsop,2911-122
576938,resolved,https://kingcounty.gov/courts/clerk/rules.aspx,guilty,Norah Stigers,2911-114
908255,resolved,https://kingcounty.gov/courts/clerk/rules.aspx,not guilty,Sylas Pahl,7817-106
919435,in_progress,https://www.courts.wa.gov/court_rules/,guilty,Sam MacAree,8140-124
345741,in_court,https://www.courts.wa.gov/court_rules/,guilty,Martie Shearsby,3085-100
470346,resolved,https://kingcounty.gov/courts/clerk/rules.aspx,not guilty,Penny Eckford,1100-116
446283,in_progress,https://kingcounty.gov/courts/clerk/rules.aspx,guilty,Rowen Snary,1947-106
626790,in_court,https://kingcounty.gov/courts/clerk/rules.aspx,guilty,Chanda Fillan,4805-108
378343,in_court,https://kingcounty.gov/courts/clerk/rules.aspx,guilty,Gae Conybear,8140-110
947009,in_progress,https://kingcounty.gov/courts/clerk/rules.aspx,not guilty,Betta Sheerin,8140-102
499657,in_court,https://www.courts.wa.gov/court_rules/,not guilty,Armstrong Kellet,2423-124
701414,in_court,https://www.courts.wa.gov/court_rules/,not guilty,Adina Strutton,6401-112
980686,in_court,https://www.courts.wa.gov/court_rules/,guilty,Aguste Nibley,3571-114
926673,in_court,https://www.courts.wa.gov/court_rules/,not guilty,Deana Berndsen,2911-114
675227,in_progress,https://www.courts.wa.gov/court_rules/,not guilty,Carmelle Waldren,0600-104
774930,in_progress,https://kingcounty.gov/courts/clerk/rules.aspx,guilty,Bellina Gerrie,2939-110
250704,in_court,https://kingcounty.gov/courts/clerk/rules.aspx,not guilty,Skyler Crosi,6708-116
164333,resolved,https://kingcounty.gov/courts/clerk/rules.aspx,guilty,Briana McRavey,1947-124
616955,resolved,https://kingcounty.gov/courts/clerk/rules.aspx,not guilty,Boyce Gunson,2423-116
977126,in_progress,https://www.courts.wa.gov/court_rules/,guilty,Octavius Rubartelli,4805-108
153108,resolved,https://www.courts.wa.gov/court_rules/,guilty,Melisent Rawlins,4613-106
864326,in_progress,https://www.courts.wa.gov/court_rules/,not guilty,Gill Canwell,4268-124
736211,in_progress,https://www.courts.wa.gov/court_rules/,guilty,Linoel Habishaw,6401-110
762417,resolved,https://www.courts.wa.gov/court_rules/,guilty,Libbey Spraging,0600-104
786995,in_court,https://kingcounty.gov/courts/clerk/rules.aspx,not guilty,Gwyneth Hovel,8140-114
667802,in_court,https://kingcounty.gov/courts/clerk/rules.aspx,guilty,Adey Velde,8140-122
568273,in_progress,https://kingcounty.gov/courts/clerk/rules.aspx,not guilty,Ignacius Matzaitis,8140-124
121766,in_progress,https://www.courts.wa.gov/court_rules/,guilty,Homerus Bilofsky,6708-106
154497,in_progress,https://www.courts.wa.gov/court_rules/,guilty,Adel Coles,6401-108
886685,in_court,https://www.courts.wa.gov/court_rules/,not guilty,Kennett Prator,7692-120
152816,in_court,https://www.courts.wa.gov/court_rules/,not guilty,Slade Boyes,7692-120
918378,in_progress,https://kingcounty.gov/courts/clerk/rules.aspx,guilty,Pebrook Ferroli,4268-124
769682,in_court,https://kingcounty.gov/courts/clerk/rules.aspx,not guilty,Cthrine Stuchbury,5785-104
582525,resolved,https://kingcounty.gov/courts/clerk/rules.aspx,guilty,Merlina Johnes,2939-110
613310,in_court,https://www.courts.wa.gov/court_rules/,not guilty,Andrus Yelland,1489-110
908437,resolved,https://kingcounty.gov/courts/clerk/rules.aspx,guilty,Tilda Hale,4613-118
354280,in_progress,https://kingcounty.gov/courts/clerk/rules.aspx,guilty,Cristabel Olden,4773-118
548220,resolved,https://www.courts.wa.gov/court_rules/,not guilty,Ravi Southcoat,0600-110
628929,in_progress,https://kingcounty.gov/courts/clerk/rules.aspx,not guilty,Olvan Inkin,6401-124
101011,resolved,https://kingcounty.gov/courts/clerk/rules.aspx,not guilty,Egor Lorans,0600-122
316932,resolved,https://kingcounty.gov/courts/clerk/rules.aspx,not guilty,Fey Sacher,8140-122
495784,in_court,https://kingcounty.gov/courts/clerk/rules.aspx,not guilty,Meggy Strongitharm,2911-122
182611,in_court,https://kingcounty.gov/courts/clerk/rules.aspx,guilty,Ingamar Dumbelton,6708-116
244353,in_progress,https://www.courts.wa.gov/court_rules/,not guilty,Emlynne Kerswill,6401-114
689509,in_court,https://kingcounty.gov/courts/clerk/rules.aspx,guilty,Scottie Valler,1947-106
748353,resolved,https://www.courts.wa.gov/court_rules/,guilty,Didi O'Nion,9999-100
681554,in_progress,https://kingcounty.gov/courts/clerk/rules.aspx,not guilty,Tallia Calderon,2423-124
988272,in_court,https://kingcounty.gov/courts/clerk/rules.aspx,not guilty,Sapphire Loughney,6401-100
996115,in_progress,https://www.courts.wa.gov/court_rules/,not guilty,La verne Balme,9999-100
190882,in_progress,https://www.courts.wa.gov/court_rules/,guilty,Corrie Howton,6401-108
946515,in_court,https://kingcounty.gov/courts/clerk/rules.aspx,not guilty,Rollo Snelgar,6401-100
614667,resolved,https://kingcounty.gov/courts/clerk/rules.aspx,guilty,Tammie Gabel,6401-110
472473,resolved,https://kingcounty.gov/courts/clerk/rules.aspx,not guilty,Hurlee Cicchinelli,2911-114
903445,in_court,https://kingcounty.gov/courts/clerk/rules.aspx,not guilty,Christophorus Garahan,2939-100
425433,resolved,https://www.courts.wa.gov/court_rules/,not guilty,Emelen Munkton,4613-118
769816,in_court,https://kingcounty.gov/courts/clerk/rules.aspx,not guilty,Adriana Imason,6374-102
638544,resolved,https://kingcounty.gov/courts/clerk/rules.aspx,guilty,Cristina Morsom,2423-108
935981,in_court,https://www.courts.wa.gov/court_rules/,not guilty,Lind Hartigan,8757-122
519691,in_progress,https://www.courts.wa.gov/court_rules/,guilty,Bennie Casbon,5785-104
496154,in_progress,https://www.courts.wa.gov/court_rules/,not guilty,Man Tupp,2423-122
879209,resolved,https://www.courts.wa.gov/court_rules/,not guilty,Horatia Peyes,8140-122
820091,resolved,https://kingcounty.gov/courts/clerk/rules.aspx,not guilty,Farlay MacMaykin,2021-124
871108,in_progress,https://www.courts.wa.gov/court_rules/,not guilty,Cad Segot,2939-100
711693,in_progress,https://kingcounty.gov/courts/clerk/rules.aspx,not guilty,Laurella Rawkesby,4805-104
354702,in_court,https://www.courts.wa.gov/court_rules/,not guilty,Alon Jaskiewicz,4773-104
716073,in_progress,https://kingcounty.gov/courts/clerk/rules.aspx,not guilty,Franciskus Simakov,3704-104
768199,in_court,https://www.courts.wa.gov/court_rules/,guilty,Leroy Assiratti,7692-118
121048,in_progress,https://kingcounty.gov/courts/clerk/rules.aspx,guilty,Bron Baughan,1100-104
234588,in_progress,https://kingcounty.gov/courts/clerk/rules.aspx,guilty,Jordanna Coping,2939-102
892440,in_court,https://www.courts.wa.gov/court_rules/,guilty,Jone Janew,5785-114
117837,resolved,https://www.courts.wa.gov/court_rules/,not guilty,Alejandro Michieli,2423-108
490790,in_progress,https://www.courts.wa.gov/court_rules/,guilty,Kevin Feehely,2911-114
637506,in_progress,https://kingcounty.gov/courts/clerk/rules.aspx,guilty,Allix Derdes,4805-104
179031,in_court,https://www.courts.wa.gov/court_rules/,guilty,Candace Dornin,1568-124
976478,in_progress,https://kingcounty.gov/courts/clerk/rules.aspx,guilty,Ann-marie Towell,8140-104
329590,in_court,https://www.courts.wa.gov/court_rules/,not guilty,Shaylynn Drayn,6708-120
937682,in_court,https://www.courts.wa.gov/court_rules/,not guilty,Carlynne Bremley,1568-124
245048,in_court,https://www.courts.wa.gov/court_rules/,not guilty,Trever De Fries,6374-102
333050,in_progress,https://kingcounty.gov/courts/clerk/rules.aspx,guilty,Genovera Keohane,0600-112
239891,in_progress,https://www.courts.wa.gov/court_rules/,guilty,Norrie Holyland,3360-118
835435,in_court,https://www.courts.wa.gov/court_rules/,guilty,Therine Welling,1489-110
936955,in_progress,https://www.courts.wa.gov/court_rules/,guilty,Moses Poacher,5785-110
154204,in_progress,https://kingcounty.gov/courts/clerk/rules.aspx,guilty,Alaster Excell,2939-102
904673,in_court,https://www.courts.wa.gov/court_rules/,not guilty,Tracey Veronique,2939-110
686263,resolved,https://kingcounty.gov/courts/clerk/rules.aspx,guilty,Stace Hoogendorp,3704-122
199009,in_court,https://kingcounty.gov/courts/clerk/rules.aspx,not guilty,Lance Dinnage,3360-118
281924,resolved,https://www.courts.wa.gov/court_rules/,guilty,Debby Dedney,4613-118
771942,resolved,https://kingcounty.gov/courts/clerk/rules.aspx,not guilty,Boote Kiley,6708-116
233618,in_court,https://kingcounty.gov/courts/clerk/rules.aspx,guilty,Jocelyn Daton,7692-118
736991,in_court,https://www.courts.wa.gov/court_rules/,guilty,Shannen Eccleston,4773-102
893621,resolved,https://www.courts.wa.gov/court_rules/,not guilty,Stormy Dryden,6708-122
402169,in_court,https://www.courts.wa.gov/court_rules/,not guilty,Bartie Magowan,6708-116
665421,in_progress,https://www.courts.wa.gov/court_rules/,guilty,Burlie Alebrooke,0600-104
151466,resolved,https://www.courts.wa.gov/court_rules/,not guilty,Catie Peinton,0600-110
665697,resolved,https://kingcounty.gov/courts/clerk/rules.aspx,not guilty,Lancelot Fridaye,4805-104
671493,resolved,https://kingcounty.gov/courts/clerk/rules.aspx,not guilty,Evvy Monan,3704-122
581939,in_progress,https://www.courts.wa.gov/court_rules/,guilty,Blinni Aldwinckle,2939-110
884138,in_progress,https://www.courts.wa.gov/court_rules/,guilty,Gusta Grammer,2911-118
565048,in_progress,https://www.courts.wa.gov/court_rules/,guilty,Lari Tolan,1568-124
184457,in_progress,https://kingcounty.gov/courts/clerk/rules.aspx,guilty,Elyn Shimony,2021-124
605101,resolved,https://www.courts.wa.gov/court_rules/,guilty,Lena Brackenbury,7692-106
802788,in_progress,https://kingcounty.gov/courts/clerk/rules.aspx,not guilty,Raviv Durie,1100-110
456501,resolved,https://www.courts.wa.gov/court_rules/,not guilty,Delmer Kenningham,4773-112
298036,resolved,https://www.courts.wa.gov/court_rules/,guilty,Beryl Flowerden,3571-114
410355,in_court,https://www.courts.wa.gov/court_rules/,guilty,Marlyn Delgardillo,2911-106
605880,in_progress,https://kingcounty.gov/courts/clerk/rules.aspx,not guilty,Elijah Boscott,7692-106
795061,in_court,https://kingcounty.gov/courts/clerk/rules.aspx,not guilty,Flor Standring,2911-122
860780,resolved,https://www.courts.wa.gov/court_rules/,not guilty,Dylan Thon,1489-124
441826,resolved,https://www.courts.wa.gov/court_rules/,not guilty,Hillie Conyers,1100-100
662019,in_progress,https://kingcounty.gov/courts/clerk/rules.aspx,not guilty,Mariam Bartaletti,8757-122
287985,in_court,https://kingcounty.gov/courts/clerk/rules.aspx,not guilty,Arabella Mortell,2423-116
200008,in_progress,https://www.courts.wa.gov/court_rules/,not guilty,Nicky Ciepluch,7692-118
403115,in_court,https://kingcounty.gov/courts/clerk/rules.aspx,not guilty,Fredericka Vittori,4613-106
294771,resolved,https://kingcounty.gov/courts/clerk/rules.aspx,guilty,Ethelred Gerrit,2911-114
692550,resolved,https://kingcounty.gov/courts/clerk/rules.aspx,guilty,Nessie Cottell,4613-118
340948,in_court,https://www.courts.wa.gov/court_rules/,guilty,Jessie Thaim,8140-114
948502,in_progress,https://www.courts.wa.gov/court_rules/,guilty,Vivia Ashtonhurst,8757-112
203662,in_court,https://www.courts.wa.gov/court_rules/,not guilty,Jone Thomsen,7692-106
944825,resolved,https://www.courts.wa.gov/court_rules/,not guilty,Brittni Haith,0813-110
488204,resolved,https://www.courts.wa.gov/court_rules/,not guilty,Dorene Talby,4805-108
368152,resolved,https://kingcounty.gov/courts/clerk/rules.aspx,guilty,Neall Zimek,7692-118
433948,resolved,https://www.courts.wa.gov/court_rules/,not guilty,Margie Morrow,2423-124
578727,in_progress,https://www.courts.wa.gov/court_rules/,guilty,Jolene Aspden,3360-118
665775,resolved,https://www.courts.wa.gov/court_rules/,not guilty,Adena Lippitt,2911-118
331406,resolved,https://www.courts.wa.gov/court_rules/,guilty,Wilmar Wall,6401-110
314242,resolved,https://www.courts.wa.gov/court_rules/,not guilty,Delilah Fancourt,6401-124
885706,in_progress,https://kingcounty.gov/courts/clerk/rules.aspx,not guilty,Elliott Fernez,2423-108
674965,resolved,https://www.courts.wa.gov/court_rules/,not guilty,Almeda Leggate,0813-114
993156,in_progress,https://www.courts.wa.gov/court_rules/,not guilty,Tasha Jancey,6374-102
808654,resolved,https://kingcounty.gov/courts/clerk/rules.aspx,guilty,Melita Cowterd,0600-122
909515,in_progress,https://www.courts.wa.gov/court_rules/,guilty,Flossie Tallet,6401-104
452510,in_court,https://kingcounty.gov/courts/clerk/rules.aspx,guilty,Lin Fricker,2939-110
902650,in_progress,https://www.courts.wa.gov/court_rules/,not guilty,Sharity Ivimy,1100-104
523661,in_progress,https://www.courts.wa.gov/court_rules/,not guilty,Alick Tasseler,1100-110
892311,in_progress,https://kingcounty.gov/courts/clerk/rules.aspx,guilty,Tris Dalli,7692-106
369688,in_court,https://www.courts.wa.gov/court_rules/,guilty,Jacquenette Lammenga,6708-120
908933,resolved,https://www.courts.wa.gov/court_rules/,guilty,Viviana Abbett,1100-104
276125,in_progress,https://www.courts.wa.gov/court_rules/,not guilty,Andris Ibbetson,8757-112
159462,in_court,https://www.courts.wa.gov/court_rules/,not guilty,Michele Neward,2939-102
901941,resolved,https://kingcounty.gov/courts/clerk/rules.aspx,not guilty,Tymothy Stothart,2939-110
458363,in_court,https://kingcounty.gov/courts/clerk/rules.aspx,not guilty,Durante Simmell,8757-112
885641,in_progress,https://www.courts.wa.gov/court_rules/,guilty,Elvis Ick,0600-112
393676,in_court,https://www.courts.wa.gov/court_rules/,guilty,Carla MacKegg,5785-114
843539,in_progress,https://kingcounty.gov/courts/clerk/rules.aspx,guilty,Konstance Scowcraft,1947-124
934439,resolved,https://www.courts.wa.gov/court_rules/,not guilty,Fax Cunnow,4613-118
137931,resolved,https://kingcounty.gov/courts/clerk/rules.aspx,guilty,Nowell McGenis,1489-100
682040,in_court,https://www.courts.wa.gov/court_rules/,not guilty,Tanney McCrackan,0813-114
390890,resolved,https://www.courts.wa.gov/court_rules/,not guilty,Hildagard Congreve,5785-122
943616,in_progress,https://www.courts.wa.gov/court_rules/,guilty,Janeen Culp,0813-110
211096,in_court,https://kingcounty.gov/courts/clerk/rules.aspx,not guilty,Gray Zold,4700-104
521586,resolved,https://kingcounty.gov/courts/clerk/rules.aspx,not guilty,Elizabet Ricart,2423-116
239446,in_court,https://www.courts.wa.gov/court_rules/,not guilty,Maggee Wolfindale,6708-116
245498,resolved,https://kingcounty.gov/courts/clerk/rules.aspx,guilty,Sig Vanyarkin,7817-106
496205,in_progress,https://www.courts.wa.gov/court_rules/,not guilty,Marylin Rowly,1100-116
111341,resolved,https://kingcounty.gov/courts/clerk/rules.aspx,not guilty,Dan Adamkiewicz,8140-100
341564,resolved,https://kingcounty.gov/courts/clerk/rules.aspx,guilty,Lion Chaman,0813-110
336597,in_court,https://www.courts.wa.gov/court_rules/,not guilty,Tracy Wallis,6401-108
650308,in_court,https://www.courts.wa.gov/court_rules/,guilty,Valma Bomfield,6401-110
412111,in_progress,https://kingcounty.gov/courts/clerk/rules.aspx,guilty,Birch Tye,7817-106
896639,resolved,https://www.courts.wa.gov/court_rules/,guilty,Rhoda Wash,2939-104
759709,resolved,https://www.courts.wa.gov/court_rules/,guilty,Lynette Scotford,6401-100
474443,resolved,https://www.courts.wa.gov/court_rules/,not guilty,Alec Brunelleschi,4613-118
960976,in_progress,https://www.courts.wa.gov/court_rules/,guilty,Mattheus Wyllt,2939-110
890633,resolved,https://kingcounty.gov/courts/clerk/rules.aspx,guilty,Lian Esch,4613-118
361244,resolved,https://kingcounty.gov/courts/clerk/rules.aspx,not guilty,Myrle Pickaver,9999-100
889461,resolved,https://kingcounty.gov/courts/clerk/rules.aspx,not guilty,Barbee Aronoff,7692-118
851242,in_progress,https://kingcounty.gov/courts/clerk/rules.aspx,guilty,Cynthy Mould,1947-112
884406,in_court,https://kingcounty.gov/courts/clerk/rules.aspx,guilty,Everett Govinlock,1489-124
962751,resolved,https://www.courts.wa.gov/court_rules/,guilty,Angelika Murfin,2021-124
426258,in_court,https://kingcounty.gov/courts/clerk/rules.aspx,not guilty,Pat Cutforth,4773-118
841011,in_progress,https://www.courts.wa.gov/court_rules/,guilty,Anissa Eyer,0813-114
232327,in_court,https://www.courts.wa.gov/court_rules/,not guilty,Bradford Chateau,0600-110
632047,in_progress,https://www.courts.wa.gov/court_rules/,not guilty,Kati MacCafferky,7692-106
843765,in_progress,https://www.courts.wa.gov/court_rules/,not guilty,Hunfredo Hanrott,4773-102
733364,resolved,https://kingcounty.gov/courts/clerk/rules.aspx,not guilty,Allianora Huffadine,3571-102
916713,resolved,https://www.courts.wa.gov/court_rules/,not guilty,Ulrika Temperley,2939-100
851504,in_court,https://kingcounty.gov/courts/clerk/rules.aspx,guilty,Sal Aberdeen,1568-100
522041,in_court,https://www.courts.wa.gov/court_rules/,not guilty,Dilan Cumberbatch,0813-114
340146,in_progress,https://kingcounty.gov/courts/clerk/rules.aspx,guilty,Reginald Figgen,1568-108
611270,in_court,https://kingcounty.gov/courts/clerk/rules.aspx,guilty,Harrie Briars,1947-106
206981,in_progress,https://kingcounty.gov/courts/clerk/rules.aspx,guilty,Darbee Olyff,8140-124
892307,in_progress,https://www.courts.wa.gov/court_rules/,guilty,Andras Slatford,1100-110
798951,resolved,https://kingcounty.gov/courts/clerk/rules.aspx,guilty,Dalia Jobbins,6401-124
155489,in_progress,https://www.courts.wa.gov/court_rules/,guilty,Dacia Facher,0813-106
828389,resolved,https://www.courts.wa.gov/court_rules/,not guilty,Porty Hatley,1947-124
877046,in_court,https://www.courts.wa.gov/court_rules/,not guilty,Peterus Garrison,5785-104
211678,in_court,https://www.courts.wa.gov/court_rules/,guilty,Nanette Andri,6708-122
747448,in_court,https://kingcounty.gov/courts/clerk/rules.aspx,not guilty,Annabel McColm,1100-100
824138,resolved,https://www.courts.wa.gov/court_rules/,guilty,Cornie Forde,4805-104
733654,in_progress,https://www.courts.wa.gov/court_rules/,guilty,Conan Westover,1100-110
822509,in_court,https://kingcounty.gov/courts/clerk/rules.aspx,not guilty,Ellynn Landells,2423-124
514390,in_progress,https://kingcounty.gov/courts/clerk/rules.aspx,guilty,Tadeo Wilmot,2911-114
221157,in_progress,https://kingcounty.gov/courts/clerk/rules.aspx,guilty,Vincenty Cancellieri,6708-106
638945,resolved,https://www.courts.wa.gov/court_rules/,guilty,Randy Harse,6401-108
810053,in_progress,https://www.courts.wa.gov/court_rules/,not guilty,Aleda Bottleson,1568-108
609251,resolved,https://kingcounty.gov/courts/clerk/rules.aspx,not guilty,Luis Trahearn,1568-100
273792,resolved,https://www.courts.wa.gov/court_rules/,guilty,Brook Long,2939-100
622792,in_progress,https://kingcounty.gov/courts/clerk/rules.aspx,guilty,Athena Tither,3571-102
252558,resolved,https://kingcounty.gov/courts/clerk/rules.aspx,not guilty,Jodie Castagne,1100-104
318036,in_progress,https://kingcounty.gov/courts/clerk/rules.aspx,guilty,Conrad Lackner,3571-102
664007,in_court,https://kingcounty.gov/courts/clerk/rules.aspx,not guilty,Winna Gutch,3360-118
212095,in_progress,https://kingcounty.gov/courts/clerk/rules.aspx,not guilty,Tyler Filler,4773-118
927469,in_court,https://www.courts.wa.gov/court_rules/,not guilty,Darcy Causton,1568-100
607768,in_progress,https://www.courts.wa.gov/court_rules/,guilty,Sharai Doggerell,2423-108
687360,resolved,https://kingcounty.gov/courts/clerk/rules.aspx,not guilty,Modesty Boutcher,3571-122
344536,in_progress,https://www.courts.wa.gov/court_rules/,not guilty,Maxine Eyer,6708-116
431100,resolved,https://kingcounty.gov/courts/clerk/rules.aspx,not guilty,Reine Reinger,4773-104
946958,in_progress,https://kingcounty.gov/courts/clerk/rules.aspx,guilty,Austina Fryers,6401-100
259070,in_court,https://kingcounty.gov/courts/clerk/rules.aspx,guilty,Natka Burriss,6708-116
854430,in_progress,https://kingcounty.gov/courts/clerk/rules.aspx,not guilty,Keefe Snedden,7692-118
969173,in_court,https://www.courts.wa.gov/court_rules/,guilty,Merrilee Drew-Clifton,2911-106
932860,resolved,https://www.courts.wa.gov/court_rules/,not guilty,Camilla Barneveld,2939-100
816613,resolved,https://www.courts.wa.gov/court_rules/,guilty,Ddene Tanner,3704-104
346122,in_court,https://www.courts.wa.gov/court_rules/,guilty,Pippa Simmance,6401-106
369361,in_court,https://kingcounty.gov/courts/clerk/rules.aspx,not guilty,Daniele Winkworth,3360-112
628574,in_progress,https://kingcounty.gov/courts/clerk/rules.aspx,not guilty,Shermie Mallaby,6401-100
894665,in_court,https://kingcounty.gov/courts/clerk/rules.aspx,guilty,Kriste Akam,4805-108
179413,resolved,https://www.courts.wa.gov/court_rules/,guilty,Hamnet Ros,2939-104
965294,in_progress,https://kingcounty.gov/courts/clerk/rules.aspx,not guilty,Orland Bonwell,3571-102
157668,resolved,https://www.courts.wa.gov/court_rules/,guilty,Sandie Rowdell,8757-112
142550,in_court,https://kingcounty.gov/courts/clerk/rules.aspx,guilty,Lauri Kinnar,2939-110
383066,resolved,https://www.courts.wa.gov/court_rules/,not guilty,Sorcha Kitcatt,8757-112
366649,resolved,https://www.courts.wa.gov/court_rules/,not guilty,Joanna Citrine,0600-112
806671,resolved,https://kingcounty.gov/courts/clerk/rules.aspx,guilty,Reuven Conibear,9999-100
550123,in_court,https://kingcounty.gov/courts/clerk/rules.aspx,not guilty,Desirae Skeat,0600-104
740072,in_court,https://www.courts.wa.gov/court_rules/,guilty,Brit D'Onise,8140-122
363225,in_court,https://www.courts.wa.gov/court_rules/,guilty,Dale Simionescu,4805-104
435447,in_court,https://www.courts.wa.gov/court_rules/,guilty,Felicity Bardwell,4700-104
936118,in_court,https://www.courts.wa.gov/court_rules/,not guilty,Clarette Meneux,8140-104
286398,in_court,https://kingcounty.gov/courts/clerk/rules.aspx,guilty,Brandtr Pencost,4773-102
294385,in_court,https://www.courts.wa.gov/court_rules/,guilty,Norrie Frowen,2021-124
566820,in_court,https://www.courts.wa.gov/court_rules/,guilty,Parry Syne,6401-108
165740,resolved,https://kingcounty.gov/courts/clerk/rules.aspx,guilty,Nannie Dewen,6401-100
580912,in_progress,https://www.courts.wa.gov/court_rules/,not guilty,Travus Riglar,4773-104
406184,in_progress,https://kingcounty.gov/courts/clerk/rules.aspx,guilty,Anetta Reimer,3360-118
309429,in_court,https://www.courts.wa.gov/court_rules/,guilty,Eddie Sallows,2021-102
222765,resolved,https://www.courts.wa.gov/court_rules/,not guilty,Therese Cordobes,5785-110
985181,resolved,https://www.courts.wa.gov/court_rules/,guilty,Alexina Ossipenko,3704-122
919049,resolved,https://kingcounty.gov/courts/clerk/rules.aspx,not guilty,Bekki Longbottom,4773-118
284666,in_progress,https://kingcounty.gov/courts/clerk/rules.aspx,not guilty,Rowe Shillaker,2939-110
874296,resolved,https://kingcounty.gov/courts/clerk/rules.aspx,guilty,Farlay Argrave,2911-114
702106,in_progress,https://www.courts.wa.gov/court_rules/,not guilty,Georgianna Danslow,2423-116
754326,in_court,https://www.courts.wa.gov/court_rules/,not guilty,Julee Laurentino,2939-108
544117,in_progress,https://kingcounty.gov/courts/clerk/rules.aspx,guilty,Keir Blenkhorn,2911-106
645029,in_progress,https://kingcounty.gov/courts/clerk/rules.aspx,guilty,Karisa Adel,2939-110
286116,resolved,https://www.courts.wa.gov/court_rules/,not guilty,Stella McCann,1489-100
809535,in_court,https://www.courts.wa.gov/court_rules/,not guilty,Roosevelt Simister,8140-110
397910,in_court,https://www.courts.wa.gov/court_rules/,guilty,Irvine Longthorne,6401-110
301016,resolved,https://www.courts.wa.gov/court_rules/,not guilty,Davina Sperrett,1489-124
152643,in_progress,https://kingcounty.gov/courts/clerk/rules.aspx,not guilty,Barty Oherlihy,2911-118
299800,in_court,https://www.courts.wa.gov/court_rules/,not guilty,Waite Goulbourn,1489-100
159883,in_progress,https://kingcounty.gov/courts/clerk/rules.aspx,not guilty,Emilia Kauble,1568-124
416485,in_progress,https://kingcounty.gov/courts/clerk/rules.aspx,guilty,Loren Castletine,2939-102
982874,resolved,https://www.courts.wa.gov/court_rules/,not guilty,Tore Keepin,6401-100
368387,resolved,https://kingcounty.gov/courts/clerk/rules.aspx,guilty,Grantley Iacovaccio,1568-100
763497,resolved,https://kingcounty.gov/courts/clerk/rules.aspx,guilty,Jodi Betty,4700-104
818951,resolved,https://www.courts.wa.gov/court_rules/,guilty,Adiana Greenin,3571-122
142949,resolved,https://www.courts.wa.gov/court_rules/,guilty,Karoly Muffen,1100-100
397194,in_court,https://kingcounty.gov/courts/clerk/rules.aspx,not guilty,Skelly Siddens,3704-122
631081,in_progress,https://www.courts.wa.gov/court_rules/,guilty,Rodolph Swyn,1947-112
407142,in_progress,https://www.courts.wa.gov/court_rules/,not guilty,Levey Robotham,2423-108
617871,resolved,https://kingcounty.gov/courts/clerk/rules.aspx,not guilty,Cayla O'Keaveny,5785-110
178345,in_progress,https://www.courts.wa.gov/court_rules/,guilty,Sydney McFarlan,0813-106
635232,resolved,https://www.courts.wa.gov/court_rules/,guilty,Eustacia Craufurd,8757-122
554153,in_progress,https://kingcounty.gov/courts/clerk/rules.aspx,guilty,Otho Langsbury,4773-112
602220,in_progress,https://kingcounty.gov/courts/clerk/rules.aspx,not guilty,Jasun Daud,8140-120
917473,in_progress,https://kingcounty.gov/courts/clerk/rules.aspx,not guilty,Tadd Maxweell,6401-114
199565,in_progress,https://kingcounty.gov/courts/clerk/rules.aspx,guilty,Tracee Booij,4773-104
916966,in_progress,https://kingcounty.gov/courts/clerk/rules.aspx,not guilty,Reilly Scrafton,2021-124
723068,in_progress,https://www.courts.wa.gov/court_rules/,guilty,Hall MacGovern,3704-122
495778,resolved,https://www.courts.wa.gov/court_rules/,not guilty,Esmaria Togwell,3085-100
610005,in_court,https://kingcounty.gov/courts/clerk/rules.aspx,guilty,Diego Dandy,3571-114
978815,resolved,https://www.courts.wa.gov/court_rules/,not guilty,Theo Nulty,1100-104
106411,in_progress,https://kingcounty.gov/courts/clerk/rules.aspx,guilty,Roobbie Gillice,3360-112
646505,in_court,https://kingcounty.gov/courts/clerk/rules.aspx,not guilty,Matty Shaddock,7922-124
911862,in_progress,https://kingcounty.gov/courts/clerk/rules.aspx,not guilty,Millard Du Barry,2423-124
880899,in_court,https://kingcounty.gov/courts/clerk/rules.aspx,not guilty,Elysia Waghorn,0813-114
701553,in_court,https://www.courts.wa.gov/court_rules/,guilty,Laura Essam,2939-104
648071,in_progress,https://www.courts.wa.gov/court_rules/,guilty,Yehudi Lepoidevin,2021-102
998462,in_court,https://kingcounty.gov/courts/clerk/rules.aspx,not guilty,Kimbra Samwayes,4700-104
708561,in_court,https://kingcounty.gov/courts/clerk/rules.aspx,guilty,Betsey Serrels,4805-104
823079,in_court,https://www.courts.wa.gov/court_rules/,guilty,Bradan Sackur,3360-112
651482,in_court,https://www.courts.wa.gov/court_rules/,guilty,Taddeo Cudihy,2423-116
197263,resolved,https://www.courts.wa.gov/court_rules/,guilty,Padraig Ambrosio,2911-114
976790,resolved,https://kingcounty.gov/courts/clerk/rules.aspx,guilty,Margit Stanfield,6708-122
993287,in_progress,https://kingcounty.gov/courts/clerk/rules.aspx,guilty,Mahalia Eales,8140-114
193968,in_court,https://kingcounty.gov/courts/clerk/rules.aspx,guilty,Hansiain Knightly,4805-104
838027,resolved,https://kingcounty.gov/courts/clerk/rules.aspx,not guilty,Amitie Vowdon,6708-116
237213,in_progress,https://kingcounty.gov/courts/clerk/rules.aspx,not guilty,Osbourn Scutter,8140-114
521706,resolved,https://kingcounty.gov/courts/clerk/rules.aspx,not guilty,Sada Staples,4613-118
905952,in_progress,https://kingcounty.gov/courts/clerk/rules.aspx,not guilty,Sorcha Strute,1947-112
879594,in_court,https://kingcounty.gov/courts/clerk/rules.aspx,guilty,Broddie Deighan,7692-120
843102,resolved,https://www.courts.wa.gov/court_rules/,guilty,Nora De Laspee,0600-110
379581,in_court,https://www.courts.wa.gov/court_rules/,not guilty,Loutitia Van Niekerk,4268-106
167151,in_court,https://kingcounty.gov/courts/clerk/rules.aspx,guilty,Annnora Bloxland,3571-102
781100,in_court,https://www.courts.wa.gov/court_rules/,not guilty,Winnie Gilli,6708-122
961362,resolved,https://www.courts.wa.gov/court_rules/,not guilty,Johnny Abbison,4613-118
774522,resolved,https://www.courts.wa.gov/court_rules/,not guilty,Aidan Midghall,1568-100
407067,resolved,https://www.courts.wa.gov/court_rules/,not guilty,Amandie Caro,6708-106
301306,in_court,https://kingcounty.gov/courts/clerk/rules.aspx,not guilty,Gradey Rubel,4773-112
239323,in_progress,https://www.courts.wa.gov/court_rules/,guilty,Roselle MacCarrane,4268-124
406677,in_progress,https://kingcounty.gov/courts/clerk/rules.aspx,not guilty,Sam Lunt,1489-100
604382,resolved,https://www.courts.wa.gov/court_rules/,not guilty,Tanya Kilius,0813-110
409866,resolved,https://www.courts.wa.gov/court_rules/,guilty,Audra Stemp,6708-106
160799,in_court,https://www.courts.wa.gov/court_rules/,not guilty,Melisa Maraga,0813-106
703347,in_court,https://www.courts.wa.gov/court_rules/,guilty,Conrad Cometson,7922-124
411653,in_progress,https://kingcounty.gov/courts/clerk/rules.aspx,not guilty,Alberta Imbrey,2939-110
966942,in_court,https://www.courts.wa.gov/court_rules/,guilty,Annette Jenkyn,1100-110
711057,in_court,https://kingcounty.gov/courts/clerk/rules.aspx,not guilty,Randa Farr,1947-124
285280,resolved,https://www.courts.wa.gov/court_rules/,guilty,Carrol Rupke,1568-108
693855,in_progress,https://kingcounty.gov/courts/clerk/rules.aspx,guilty,Karen Dugue,1100-110
807558,in_progress,https://www.courts.wa.gov/court_rules/,not guilty,Ann-marie Doerrling,0813-114
369808,in_progress,https://kingcounty.gov/courts/clerk/rules.aspx,guilty,Boigie Thomas,2939-102
865182,in_court,https://www.courts.wa.gov/court_rules/,not guilty,Hildegaard Kieff,6401-112
806018,in_court,https://www.courts.wa.gov/court_rules/,not guilty,Ham Wash,8140-110
841794,resolved,https://kingcounty.gov/courts/clerk/rules.aspx,guilty,Norah Dorr,7817-106
646737,resolved,https://www.courts.wa.gov/court_rules/,not guilty,Ashley Walker,5785-110
419404,in_progress,https://kingcounty.gov/courts/clerk/rules.aspx,not guilty,Stafani Kesey,6708-122
455866,in_progress,https://www.courts.wa.gov/court_rules/,not guilty,Anastasie Gable,2021-124
129109,in_court,https://kingcounty.gov/courts/clerk/rules.aspx,not guilty,Lissi Kollach,7817-106
816964,in_progress,https://www.courts.wa.gov/court_rules/,not guilty,Marietta Shmyr,6401-110
468076,in_progress,https://kingcounty.gov/courts/clerk/rules.aspx,not guilty,Ginger Jurczik,1568-108
755597,in_court,https://kingcounty.gov/courts/clerk/rules.aspx,not guilty,Baird Blood,4268-124
941869,in_court,https://kingcounty.gov/courts/clerk/rules.aspx,guilty,Magnum Pargeter,2939-104
402648,resolved,https://kingcounty.gov/courts/clerk/rules.aspx,guilty,Blakelee Mervyn,1100-100
849488,in_court,https://kingcounty.gov/courts/clerk/rules.aspx,not guilty,Marcellina Turmell,1568-124
103872,in_progress,https://www.courts.wa.gov/court_rules/,not guilty,Alonzo Tungay,0813-110
936734,in_court,https://kingcounty.gov/courts/clerk/rules.aspx,guilty,Kaye Hercock,1568-100
427594,resolved,https://kingcounty.gov/courts/clerk/rules.aspx,not guilty,Paton Pleasaunce,6401-112
419993,resolved,https://kingcounty.gov/courts/clerk/rules.aspx,guilty,Cosetta Gibbeson,2021-102
242698,resolved,https://www.courts.wa.gov/court_rules/,guilty,Massimo Binning,1100-104
578584,resolved,https://www.courts.wa.gov/court_rules/,guilty,Nealson Caldairou,4613-106
937459,in_court,https://www.courts.wa.gov/court_rules/,not guilty,Margette Bazek,2423-116
884563,in_progress,https://www.courts.wa.gov/court_rules/,not guilty,Chrystal Philippet,1489-124
893773,resolved,https://kingcounty.gov/courts/clerk/rules.aspx,not guilty,Wendell Ondrak,2423-122
406276,in_progress,https://kingcounty.gov/courts/clerk/rules.aspx,guilty,Freemon Katt,6401-106
543791,in_court,https://www.courts.wa.gov/court_rules/,guilty,Cornell Rivard,6401-112
166338,in_progress,https://kingcounty.gov/courts/clerk/rules.aspx,not guilty,Zorine Grundy,1568-100
682654,in_progress,https://www.courts.wa.gov/court_rules/,guilty,Reider Querrard,8140-100
226373,in_progress,https://www.courts.wa.gov/court_rules/,not guilty,Karen Brayford,1568-124
881033,in_court,https://kingcounty.gov/courts/clerk/rules.aspx,guilty,Tirrell Ikins,2423-108
596276,in_court,https://www.courts.wa.gov/court_rules/,guilty,Kathie Barok,4773-104
663905,in_progress,https://kingcounty.gov/courts/clerk/rules.aspx,guilty,Olag Swannack,8140-114
848400,in_progress,https://kingcounty.gov/courts/clerk/rules.aspx,guilty,Rusty Palumbo,2911-118
646611,resolved,https://www.courts.wa.gov/court_rules/,not guilty,Briggs Simanenko,1100-100
233385,in_court,https://www.courts.wa.gov/court_rules/,not guilty,John Goggen,1568-124
373305,resolved,https://kingcounty.gov/courts/clerk/rules.aspx,guilty,Matthieu Benedek,8140-114
111442,in_court,https://kingcounty.gov/courts/clerk/rules.aspx,not guilty,Ellen Goldsbrough,1568-108
150344,in_progress,https://kingcounty.gov/courts/clerk/rules.aspx,not guilty,Minna Gillooly,8140-120
986535,resolved,https://kingcounty.gov/courts/clerk/rules.aspx,guilty,Georgine Heak,7922-124
827744,in_progress,https://kingcounty.gov/courts/clerk/rules.aspx,guilty,Jacinda Ruscoe,2911-114
391655,in_progress,https://www.courts.wa.gov/court_rules/,not guilty,Anita Sprake,2911-114
133270,in_court,https://kingcounty.gov/courts/clerk/rules.aspx,guilty,Elaina Wink,7817-106
495129,resolved,https://www.courts.wa.gov/court_rules/,guilty,Katalin Tytherton,1489-110
737410,in_court,https://www.courts.wa.gov/court_rules/,guilty,Bruno Milberry,4613-106
168244,in_progress,https://www.courts.wa.gov/court_rules/,guilty,Maximilianus Backshall,2939-108
763878,in_court,https://kingcounty.gov/courts/clerk/rules.aspx,guilty,Bert Tysack,6401-124
468074,in_progress,https://kingcounty.gov/courts/clerk/rules.aspx,not guilty,Abelard Claus,1568-100
559051,in_court,https://www.courts.wa.gov/court_rules/,guilty,Winston Garth,8757-122
407031,in_progress,https://www.courts.wa.gov/court_rules/,not guilty,Ellynn Bagehot,6401-108
840111,in_court,https://kingcounty.gov/courts/clerk/rules.aspx,guilty,Ellyn Stranieri,2021-124
290035,in_progress,https://www.courts.wa.gov/court_rules/,guilty,Evy Burwin,5785-114
205373,in_progress,https://www.courts.wa.gov/court_rules/,guilty,Humfrid Sauvage,6401-110
101681,resolved,https://www.courts.wa.gov/court_rules/,not guilty,Brinn Marriot,2911-114
597019,in_court,https://www.courts.wa.gov/court_rules/,guilty,Bail Seymer,8140-122
437617,resolved,https://www.courts.wa.gov/court_rules/,guilty,Dasi Ayrs,2423-108
118859,in_progress,https://kingcounty.gov/courts/clerk/rules.aspx,not guilty,Antonino McVie,2021-102
800128,resolved,https://www.courts.wa.gov/court_rules/,not guilty,Kate Lawlie,8140-100
755918,in_court,https://www.courts.wa.gov/court_rules/,guilty,Carly Brabin,2911-122
230893,resolved,https://kingcounty.gov/courts/clerk/rules.aspx,guilty,Mag Enston,8140-114
201580,in_court,https://www.courts.wa.gov/court_rules/,guilty,Cherey Bleier,6708-116
927458,in_progress,https://kingcounty.gov/courts/clerk/rules.aspx,guilty,Nanon Cottell,1100-110
413837,in_court,https://kingcounty.gov/courts/clerk/rules.aspx,guilty,Berthe Napthine,2423-122
841161,resolved,https://www.courts.wa.gov/court_rules/,not guilty,Suki Minci,4773-112
264008,in_progress,https://kingcounty.gov/courts/clerk/rules.aspx,guilty,Manny Glander,0600-104
819806,in_court,https://kingcounty.gov/courts/clerk/rules.aspx,not guilty,Riane Holborn,1100-116
899396,in_court,https://kingcounty.gov/courts/clerk/rules.aspx,not guilty,Trey Risbrough,0813-110
626833,in_court,https://www.courts.wa.gov/court_rules/,not guilty,Irvine Froment,4613-118
152856,resolved,https://www.courts.wa.gov/court_rules/,guilty,Remington Savin,7692-106
158224,in_progress,https://kingcounty.gov/courts/clerk/rules.aspx,not guilty,Fraze Mc Dermid,4805-104
623578,in_progress,https://www.courts.wa.gov/court_rules/,guilty,Evyn Shallo,2911-114
232025,in_progress,https://kingcounty.gov/courts/clerk/rules.aspx,guilty,Brady Robottom,2939-108
359558,in_progress,https://www.courts.wa.gov/court_rules/,not guilty,Haven Newham,6401-100
805023,in_progress,https://kingcounty.gov/courts/clerk/rules.aspx,guilty,Donovan Vany,4773-102
251609,resolved,https://www.courts.wa.gov/court_rules/,guilty,Geoff McGillecole,6401-108
734099,in_court,https://www.courts.wa.gov/court_rules/,guilty,Rolando Stanislaw,5785-122
812994,in_progress,https://kingcounty.gov/courts/clerk/rules.aspx,guilty,Dorella Cappell,4613-106
567378,in_court,https://kingcounty.gov/courts/clerk/rules.aspx,not guilty,Noe Darben,8140-114
866844,in_progress,https://www.courts.wa.gov/court_rules/,not guilty,Crissie Vasiltsov,1489-100
582986,in_court,https://kingcounty.gov/courts/clerk/rules.aspx,guilty,Rosalynd McCann,1947-112
427470,resolved,https://www.courts.wa.gov/court_rules/,not guilty,Maynord Chalice,2911-114
567565,in_court,https://kingcounty.gov/courts/clerk/rules.aspx,not guilty,Opalina Zorer,6401-106
536181,in_court,https://kingcounty.gov/courts/clerk/rules.aspx,not guilty,Marabel Povey,4773-112
112516,in_court,https://kingcounty.gov/courts/clerk/rules.aspx,not guilty,Corrianne Di Boldi,6401-124
624140,in_court,https://www.courts.wa.gov/court_rules/,guilty,Roobbie Beloe,1489-110
231679,resolved,https://www.courts.wa.gov/court_rules/,not guilty,Linnea Nashe,2423-124
341813,in_progress,https://kingcounty.gov/courts/clerk/rules.aspx,not guilty,Stillman Foulger,8140-114
989637,resolved,https://kingcounty.gov/courts/clerk/rules.aspx,guilty,Merry Pegden,0813-106
438832,resolved,https://kingcounty.gov/courts/clerk/rules.aspx,not guilty,Emmalynne Leaves,6708-106
150747,in_progress,https://kingcounty.gov/courts/clerk/rules.aspx,guilty,Derrik Sinncock,4805-104
824319,resolved,https://www.courts.wa.gov/court_rules/,guilty,Tami Galliver,2939-110
391846,in_progress,https://kingcounty.gov/courts/clerk/rules.aspx,not guilty,Anita Zoellner,6708-120
629331,resolved,https://www.courts.wa.gov/court_rules/,guilty,Derrik Burwell,6401-104
573239,in_progress,https://kingcounty.gov/courts/clerk/rules.aspx,not guilty,Karia Verriour,5785-104
152994,in_court,https://www.courts.wa.gov/court_rules/,guilty,Gertrudis Pocknoll,2911-114
826079,in_court,https://kingcounty.gov/courts/clerk/rules.aspx,not guilty,Gracia Spray,6708-122
351552,resolved,https://kingcounty.gov/courts/clerk/rules.aspx,not guilty,Jacenta Cridlan,3704-104
291321,resolved,https://kingcounty.gov/courts/clerk/rules.aspx,not guilty,Sigvard Silcocks,3360-112
745259,in_progress,https://www.courts.wa.gov/court_rules/,not guilty,Judith Palliser,0813-110
286461,in_progress,https://www.courts.wa.gov/court_rules/,guilty,Lorena Uccelli,1100-104
534203,resolved,https://www.courts.wa.gov/court_rules/,guilty,Ransom Corby,1947-124
685512,in_court,https://kingcounty.gov/courts/clerk/rules.aspx,guilty,Janeczka Charopen,6401-114
474861,in_court,https://www.courts.wa.gov/court_rules/,not guilty,Maritsa Brommage,5785-104
742969,in_progress,https://kingcounty.gov/courts/clerk/rules.aspx,not guilty,Rowe Niesing,6708-122
167800,in_court,https://kingcounty.gov/courts/clerk/rules.aspx,guilty,Miles Springall,1947-124
830134,in_court,https://kingcounty.gov/courts/clerk/rules.aspx,not guilty,Ganny Ramalhete,1100-100
839011,in_court,https://kingcounty.gov/courts/clerk/rules.aspx,not guilty,Jacintha Rehor,1100-110
559434,in_progress,https://kingcounty.gov/courts/clerk/rules.aspx,guilty,Tim Staveley,8140-104
203574,in_progress,https://kingcounty.gov/courts/clerk/rules.aspx,guilty,Graig Kaygill,8140-100
916038,in_court,https://www.courts.wa.gov/court_rules/,not guilty,Lawton Tichner,8140-104
379869,in_court,https://kingcounty.gov/courts/clerk/rules.aspx,guilty,Lucine Dumphy,4773-102
192745,in_progress,https://kingcounty.gov/courts/clerk/rules.aspx,not guilty,Tabatha Playdon,7692-118
110603,in_progress,https://www.courts.wa.gov/court_rules/,not guilty,Fara Cleverley,3704-104
895345,resolved,https://www.courts.wa.gov/court_rules/,guilty,Harald Rowe,2939-100
623469,in_progress,https://kingcounty.gov/courts/clerk/rules.aspx,not guilty,Livvyy Davidovich,5785-122
301732,in_court,https://kingcounty.gov/courts/clerk/rules.aspx,guilty,Florella Tesdale,6708-106
960154,in_court,https://www.courts.wa.gov/court_rules/,guilty,Eula Celez,8140-124
252384,in_court,https://kingcounty.gov/courts/clerk/rules.aspx,guilty,Ennis Bridgewater,5785-114
946403,in_court,https://kingcounty.gov/courts/clerk/rules.aspx,guilty,Dorelia Seide,4613-106
435182,in_court,https://www.courts.wa.gov/court_rules/,not guilty,Margery Ceely,6401-124
784115,in_progress,https://kingcounty.gov/courts/clerk/rules.aspx,not guilty,Sydney Cantos,2911-114
549143,in_court,https://www.courts.wa.gov/court_rules/,guilty,Kerry Prothero,6708-116
155192,in_court,https://www.courts.wa.gov/court_rules/,not guilty,Randell Jarville,3571-122
364552,in_progress,https://kingcounty.gov/courts/clerk/rules.aspx,not guilty,Win Roizn,4805-104
500041,in_court,https://www.courts.wa.gov/court_rules/,not guilty,Jessey Dracksford,2939-100
316176,in_progress,https://www.courts.wa.gov/court_rules/,guilty,Anissa Osmant,4805-104
386738,in_progress,https://www.courts.wa.gov/court_rules/,not guilty,Lib Dorkens,6401-112
138702,resolved,https://kingcounty.gov/courts/clerk/rules.aspx,guilty,Michel Philippart,8140-122
463398,in_progress,https://www.courts.wa.gov/court_rules/,guilty,Vivian Brosoli,4613-106
933327,in_court,https://www.courts.wa.gov/court_rules/,guilty,Linet Andryunin,6374-102
676134,in_court,https://kingcounty.gov/courts/clerk/rules.aspx,not guilty,Wandie Placstone,2423-124
351762,in_progress,https://kingcounty.gov/courts/clerk/rules.aspx,not guilty,Olin Greene,8757-112
819248,in_court,https://kingcounty.gov/courts/clerk/rules.aspx,not guilty,Keslie Sneath,4805-104
399383,in_progress,https://kingcounty.gov/courts/clerk/rules.aspx,guilty,Antoni Gartan,1489-100
935730,in_court,https://www.courts.wa.gov/court_rules/,not guilty,Vidovic Reinard,2939-100
209029,resolved,https://kingcounty.gov/courts/clerk/rules.aspx,guilty,Delores Ebbrell,2911-114
701120,in_progress,https://kingcounty.gov/courts/clerk/rules.aspx,guilty,Lucine Calley,3360-118
208851,resolved,https://www.courts.wa.gov/court_rules/,guilty,Cristy Tetla,4613-106
647184,resolved,https://www.courts.wa.gov/court_rules/,guilty,Bobine D'Errico,5785-122
258891,in_progress,https://kingcounty.gov/courts/clerk/rules.aspx,not guilty,Grant Gepson,2939-104
258441,in_court,https://www.courts.wa.gov/court_rules/,not guilty,Lonni Hazzard,5785-114
661053,resolved,https://kingcounty.gov/courts/clerk/rules.aspx,guilty,Beniamino Attenborrow,4805-108
935434,in_progress,https://www.courts.wa.gov/court_rules/,guilty,Sasha Naerup,6401-100
821941,in_progress,https://www.courts.wa.gov/court_rules/,guilty,Janene Diss,5785-122
770327,in_court,https://kingcounty.gov/courts/clerk/rules.aspx,not guilty,Templeton Flobert,4268-106
618151,in_progress,https://kingcounty.gov/courts/clerk/rules.aspx,not guilty,Isis Coon,4700-104
759959,in_court,https://kingcounty.gov/courts/clerk/rules.aspx,guilty,Vaughn Brazil,4700-104
948580,in_progress,https://kingcounty.gov/courts/clerk/rules.aspx,not guilty,Eldredge Brenard,1100-110
774447,resolved,https://www.courts.wa.gov/court_rules/,not guilty,Stacey Eard,3571-122
673753,resolved,https://www.courts.wa.gov/court_rules/,guilty,Torey Hacard,2939-110
572585,resolved,https://kingcounty.gov/courts/clerk/rules.aspx,guilty,Nissa Gozzard,1489-100
787982,in_court,https://www.courts.wa.gov/court_rules/,guilty,Rollins Mayman,4268-106
415870,in_court,https://www.courts.wa.gov/court_rules/,not guilty,Evangeline Peek,7922-124
173891,resolved,https://kingcounty.gov/courts/clerk/rules.aspx,not guilty,Micah Caldera,6708-106
190037,in_progress,https://kingcounty.gov/courts/clerk/rules.aspx,guilty,Prent Selly,2911-118
323411,resolved,https://kingcounty.gov/courts/clerk/rules.aspx,guilty,Bryn Hurdle,6708-122
879547,in_court,https://www.courts.wa.gov/court_rules/,guilty,Robby O'Hagerty,8140-110
767478,in_court,https://www.courts.wa.gov/court_rules/,not guilty,Bessie Yansons,8140-114
894604,in_court,https://www.courts.wa.gov/court_rules/,guilty,Eleonora Cumine,7692-118
106833,in_court,https://www.courts.wa.gov/court_rules/,guilty,Mikey Gadie,2939-108
486551,in_progress,https://kingcounty.gov/courts/clerk/rules.aspx,guilty,Cale Simo,4773-112
256040,in_progress,https://kingcounty.gov/courts/clerk/rules.aspx,not guilty,Jenilee Matteacci,3704-122
384905,resolved,https://www.courts.wa.gov/court_rules/,not guilty,Aurora Hlavac,2939-104
590067,resolved,https://www.courts.wa.gov/court_rules/,guilty,Veronike Costard,6401-112
687419,resolved,https://kingcounty.gov/courts/clerk/rules.aspx,not guilty,Shauna Pinkstone,2939-100
722895,in_court,https://www.courts.wa.gov/court_rules/,guilty,Heywood Speechley,3360-112
514615,resolved,https://kingcounty.gov/courts/clerk/rules.aspx,not guilty,Shepard Linklater,2423-122
449007,in_court,https://kingcounty.gov/courts/clerk/rules.aspx,not guilty,Marv Willimott,7817-106
448077,in_court,https://www.courts.wa.gov/court_rules/,not guilty,Tiphani Aspland,0600-122
431526,in_court,https://www.courts.wa.gov/court_rules/,guilty,Ashlen Guitonneau,8140-114
387024,resolved,https://www.courts.wa.gov/court_rules/,guilty,Rosina Horsewood,1100-116
460486,in_court,https://kingcounty.gov/courts/clerk/rules.aspx,guilty,Adler Shurmore,1489-124
480781,in_court,https://www.courts.wa.gov/court_rules/,guilty,Egan Orrow,0813-110
379279,resolved,https://www.courts.wa.gov/court_rules/,guilty,Courtnay Gernier,1100-116
537159,in_progress,https://www.courts.wa.gov/court_rules/,not guilty,Alli Trayford,0600-110
521358,resolved,https://kingcounty.gov/courts/clerk/rules.aspx,not guilty,Lidia Domm,0600-110
674703,in_progress,https://kingcounty.gov/courts/clerk/rules.aspx,not guilty,Delcina Gravenall,2939-104
422691,in_court,https://www.courts.wa.gov/court_rules/,guilty,Zebulon Guillford,0813-106
727451,in_progress,https://www.courts.wa.gov/court_rules/,guilty,Milli Klees,1100-116
890889,in_court,https://www.courts.wa.gov/court_rules/,not guilty,Roseanna Sam,0600-110
273708,in_progress,https://kingcounty.gov/courts/clerk/rules.aspx,guilty,Reine Dimond,6401-106
734898,resolved,https://www.courts.wa.gov/court_rules/,guilty,Star Hanwell,7817-106
693148,in_court,https://www.courts.wa.gov/court_rules/,not guilty,Idalina Schwanden,2911-118
840535,in_court,https://kingcounty.gov/courts/clerk/rules.aspx,guilty,Cammy Perryn,2911-106
409476,in_court,https://kingcounty.gov/courts/clerk/rules.aspx,guilty,Leopold Ovett,6401-108
203886,in_court,https://www.courts.wa.gov/court_rules/,guilty,Dione Danzey,1489-100
734881,in_court,https://kingcounty.gov/courts/clerk/rules.aspx,guilty,Isabelita Peart,6708-106
930749,resolved,https://kingcounty.gov/courts/clerk/rules.aspx,guilty,Janie Blundon,6401-124
699121,in_court,https://www.courts.wa.gov/court_rules/,not guilty,Vance Yendle,2939-100
657487,resolved,https://www.courts.wa.gov/court_rules/,not guilty,Tiphanie Ventam,3360-112
809399,in_court,https://kingcounty.gov/courts/clerk/rules.aspx,guilty,Alyda Archbell,8140-110
345469,resolved,https://www.courts.wa.gov/court_rules/,guilty,Lukas Olyet,6401-110
341005,in_progress,https://kingcounty.gov/courts/clerk/rules.aspx,not guilty,Tonie Cuddehy,1100-116
780533,resolved,https://kingcounty.gov/courts/clerk/rules.aspx,guilty,Ulysses Sendall,3085-100
201331,in_progress,https://kingcounty.gov/courts/clerk/rules.aspx,not guilty,Oran Worrill,1100-104
546964,in_progress,https://www.courts.wa.gov/court_rules/,guilty,Byram Lerven,1947-106
282309,in_progress,https://www.courts.wa.gov/court_rules/,guilty,Romeo Butt,6401-112
261759,in_court,https://www.courts.wa.gov/court_rules/,not guilty,Oneida Roth,2423-124
537562,in_court,https://kingcounty.gov/courts/clerk/rules.aspx,not guilty,Tamarra Goady,4700-104
891515,in_court,https://www.courts.wa.gov/court_rules/,guilty,Manuel Rhead,8140-104
183980,in_progress,https://www.courts.wa.gov/court_rules/,not guilty,Currey Botterman,3571-122
703206,resolved,https://www.courts.wa.gov/court_rules/,guilty,Janice McConigal,7922-124
392838,resolved,https://www.courts.wa.gov/court_rules/,not guilty,Denni Steketee,6708-106
271463,in_progress,https://kingcounty.gov/courts/clerk/rules.aspx,not guilty,Reta Hold,4268-124
870025,in_court,https://kingcounty.gov/courts/clerk/rules.aspx,guilty,Abdul Watkiss,1568-108
852216,in_court,https://kingcounty.gov/courts/clerk/rules.aspx,not guilty,Rhianna Blincowe,2939-102
273328,in_progress,https://www.courts.wa.gov/court_rules/,not guilty,Bridget Stannah,2939-100
813172,in_court,https://www.courts.wa.gov/court_rules/,guilty,Clare Cleaves,6401-114
481280,resolved,https://www.courts.wa.gov/court_rules/,guilty,Andrej Yeo,0600-104
787313,in_court,https://kingcounty.gov/courts/clerk/rules.aspx,guilty,Valina Pimmocke,8140-124
804100,in_progress,https://kingcounty.gov/courts/clerk/rules.aspx,not guilty,Vida Leindecker,4268-106
197645,resolved,https://www.courts.wa.gov/court_rules/,not guilty,Waylen Sheridan,6708-120
652584,in_progress,https://kingcounty.gov/courts/clerk/rules.aspx,not guilty,Brenna Robarts,2911-106
905015,in_progress,https://www.courts.wa.gov/court_rules/,not guilty,Rafi Adrian,8140-120
984703,resolved,https://kingcounty.gov/courts/clerk/rules.aspx,not guilty,Karoline Rosenfarb,6708-116
202760,in_court,https://www.courts.wa.gov/court_rules/,not guilty,Worden Jex,2911-118
957015,resolved,https://kingcounty.gov/courts/clerk/rules.aspx,not guilty,Freemon Purselowe,0813-114
335628,in_court,https://kingcounty.gov/courts/clerk/rules.aspx,not guilty,Merola Nockles,3571-122
663591,in_court,https://www.courts.wa.gov/court_rules/,not guilty,Beverie Ravenscroft,3571-122
692738,in_court,https://kingcounty.gov/courts/clerk/rules.aspx,guilty,Dorie Marikhin,6401-108
113455,in_progress,https://kingcounty.gov/courts/clerk/rules.aspx,guilty,Meara Koppes,6401-100
697994,in_court,https://kingcounty.gov/courts/clerk/rules.aspx,not guilty,Tabbie Rattry,3571-114
850197,resolved,https://kingcounty.gov/courts/clerk/rules.aspx,guilty,Anderson Mutlow,0600-110
995115,resolved,https://www.courts.wa.gov/court_rules/,guilty,Maddy Teliga,1100-110
498280,in_progress,https://kingcounty.gov/courts/clerk/rules.aspx,not guilty,Ly Bene,2939-110
794583,in_progress,https://kingcounty.gov/courts/clerk/rules.aspx,guilty,Colleen Giblin,2939-110
231470,resolved,https://www.courts.wa.gov/court_rules/,guilty,Hilda Reddick,2911-114
181500,in_progress,https://www.courts.wa.gov/court_rules/,guilty,Flemming Huguenet,1947-124
236881,in_progress,https://www.courts.wa.gov/court_rules/,not guilty,Aylmer Stearn,8140-114
786938,in_progress,https://www.courts.wa.gov/court_rules/,guilty,Arden Hirsthouse,2911-106
548736,in_court,https://www.courts.wa.gov/court_rules/,not guilty,Pearline Skeath,0600-122
909354,resolved,https://kingcounty.gov/courts/clerk/rules.aspx,guilty,Gretta Caltun,1947-112
916726,in_progress,https://www.courts.wa.gov/court_rules/,not guilty,Natalya Twinn,1100-100
981975,resolved,https://www.courts.wa.gov/court_rules/,guilty,Gertie Brannon,2423-124
877491,resolved,https://kingcounty.gov/courts/clerk/rules.aspx,guilty,Cathrine Ben,1568-124
992618,in_progress,https://www.courts.wa.gov/court_rules/,guilty,Halli Craddock,5785-104
206142,in_progress,https://kingcounty.gov/courts/clerk/rules.aspx,guilty,Reina Skipper,2911-106
910117,resolved,https://www.courts.wa.gov/court_rules/,not guilty,Budd Lidell,0813-110
320720,resolved,https://www.courts.wa.gov/court_rules/,not guilty,Demetris Bradberry,9999-100
837330,in_progress,https://kingcounty.gov/courts/clerk/rules.aspx,guilty,Hyacinthie Lambotin,1947-112
490061,resolved,https://kingcounty.gov/courts/clerk/rules.aspx,guilty,Nerita Rosenfarb,7692-106
904932,resolved,https://kingcounty.gov/courts/clerk/rules.aspx,guilty,Dickie Meins,6708-120
469054,resolved,https://www.courts.wa.gov/court_rules/,guilty,Erhart Cassley,2939-104
571747,in_progress,https://www.courts.wa.gov/court_rules/,guilty,Issi Scase,3571-114
225381,in_progress,https://kingcounty.gov/courts/clerk/rules.aspx,guilty,Damita Carrett,1489-100
833707,resolved,https://kingcounty.gov/courts/clerk/rules.aspx,not guilty,Carter Laxen,4613-118
126432,in_progress,https://kingcounty.gov/courts/clerk/rules.aspx,guilty,Ardine Wolfers,8140-110
368985,in_progress,https://www.courts.wa.gov/court_rules/,guilty,Joane Menezes,0813-110
342740,in_progress,https://www.courts.wa.gov/court_rules/,not guilty,Shayne Ramey,4700-104
875189,in_progress,https://kingcounty.gov/courts/clerk/rules.aspx,guilty,Hervey Snasdell,1947-124
388781,in_court,https://www.courts.wa.gov/court_rules/,not guilty,Nari Godbehere,4773-104
410475,in_progress,https://kingcounty.gov/courts/clerk/rules.aspx,guilty,Farrah Fitzsymonds,0600-110
880677,in_court,https://kingcounty.gov/courts/clerk/rules.aspx,not guilty,Jamesy Monsey,7922-124
114444,in_court,https://kingcounty.gov/courts/clerk/rules.aspx,guilty,Arabele Diggin,0813-106
940866,in_progress,https://kingcounty.gov/courts/clerk/rules.aspx,not guilty,Merilyn Dowsey,7692-120
396454,in_court,https://www.courts.wa.gov/court_rules/,not guilty,Stephanus Jatczak,8140-122
384338,in_court,https://kingcounty.gov/courts/clerk/rules.aspx,guilty,Garey Pactat,1100-104
893418,resolved,https://www.courts.wa.gov/court_rules/,guilty,Roberta Jursch,6708-122
882652,in_court,https://www.courts.wa.gov/court_rules/,not guilty,Jarred Keinrat,4268-124
308770,in_progress,https://kingcounty.gov/courts/clerk/rules.aspx,guilty,Valerye Addicote,1489-100
646807,in_progress,https://www.courts.wa.gov/court_rules/,guilty,Andre Moscrop,2911-122
136788,resolved,https://www.courts.wa.gov/court_rules/,guilty,Charlean MacAscaidh,4700-104
618442,resolved,https://kingcounty.gov/courts/clerk/rules.aspx,guilty,Gretna Dayly,4805-108
846420,resolved,https://kingcounty.gov/courts/clerk/rules.aspx,not guilty,Dallis Dome,4773-118
543270,in_progress,https://www.courts.wa.gov/court_rules/,guilty,Etheline Standish,3571-102
498193,in_court,https://www.courts.wa.gov/court_rules/,not guilty,Ernie Oldaker,0600-110
787993,resolved,https://kingcounty.gov/courts/clerk/rules.aspx,guilty,Valentia Stannis,4773-102
674287,in_progress,https://kingcounty.gov/courts/clerk/rules.aspx,guilty,Donnie Gittings,2939-102
425893,in_progress,https://www.courts.wa.gov/court_rules/,not guilty,Jameson Van Arsdale,3704-122
432227,resolved,https://www.courts.wa.gov/court_rules/,not guilty,Sibylla Normanville,2423-108
271203,in_progress,https://www.courts.wa.gov/court_rules/,guilty,Martie Ipsly,1489-100
917478,in_progress,https://www.courts.wa.gov/court_rules/,guilty,Earl Wigglesworth,4773-112
406369,resolved,https://kingcounty.gov/courts/clerk/rules.aspx,guilty,Thibaut Otley,8140-104
366615,in_court,https://www.courts.wa.gov/court_rules/,guilty,Wilfred Cowsby,4773-104
103912,resolved,https://kingcounty.gov/courts/clerk/rules.aspx,not guilty,Dyane Swann,7692-120
547473,in_progress,https://www.courts.wa.gov/court_rules/,guilty,Reed Tewkesbury.,7922-124
883050,resolved,https://kingcounty.gov/courts/clerk/rules.aspx,not guilty,Stesha Zuanelli,4700-104
242036,resolved,https://kingcounty.gov/courts/clerk/rules.aspx,guilty,Elbertina Harbin,2939-108
141469,resolved,https://www.courts.wa.gov/court_rules/,not guilty,Roanna Noel,6401-108
572537,in_court,https://www.courts.wa.gov/court_rules/,guilty,Elsworth Kinder,3571-122
965844,resolved,https://kingcounty.gov/courts/clerk/rules.aspx,not guilty,Bancroft Folliott,4613-106
903543,in_progress,https://www.courts.wa.gov/court_rules/,guilty,Iver Eusden,7692-106
910149,resolved,https://kingcounty.gov/courts/clerk/rules.aspx,guilty,Othella Abrahamsson,3704-104
902308,resolved,https://www.courts.wa.gov/court_rules/,not guilty,Georgiana Messum,4613-106
191460,in_court,https://www.courts.wa.gov/court_rules/,not guilty,Emma Mulloch,1568-108
887922,resolved,https://kingcounty.gov/courts/clerk/rules.aspx,guilty,Rod Elington,8140-104
375839,in_court,https://www.courts.wa.gov/court_rules/,not guilty,Cass Stitcher,4773-102
573778,in_progress,https://www.courts.wa.gov/court_rules/,not guilty,Dallas Itzhaiek,4700-104
748094,resolved,https://www.courts.wa.gov/court_rules/,guilty,Kristofer Pressnell,1568-108
346144,in_progress,https://www.courts.wa.gov/court_rules/,not guilty,Ralina Reaper,4773-102
242391,resolved,https://www.courts.wa.gov/court_rules/,not guilty,Lewie McCann,1489-100
243026,resolved,https://www.courts.wa.gov/court_rules/,not guilty,Arabel Hamelyn,1100-116
986759,resolved,https://kingcounty.gov/courts/clerk/rules.aspx,guilty,Flint Windrum,3360-106
962542,in_court,https://www.courts.wa.gov/court_rules/,not guilty,Erhart Spadoni,1947-112
633725,in_progress,https://kingcounty.gov/courts/clerk/rules.aspx,guilty,Oran Rowntree,7692-118
248004,in_court,https://www.courts.wa.gov/court_rules/,not guilty,Basia Murrock,1489-100
852719,in_court,https://www.courts.wa.gov/court_rules/,guilty,Meredith Willshire,8140-110
749090,in_court,https://www.courts.wa.gov/court_rules/,guilty,Carlie Elecum,6401-104
916204,in_progress,https://kingcounty.gov/courts/clerk/rules.aspx,not guilty,Pip Cotton,2021-124
266177,in_progress,https://kingcounty.gov/courts/clerk/rules.aspx,not guilty,Drusy Maclaine,4613-118
485115,resolved,https://www.courts.wa.gov/court_rules/,not guilty,Darla Rewcassell,6401-108
187370,in_court,https://kingcounty.gov/courts/clerk/rules.aspx,not guilty,Ophelie Nemchinov,4773-102
300258,in_progress,https://www.courts.wa.gov/court_rules/,guilty,Francine Fatharly,3360-106
670916,resolved,https://kingcounty.gov/courts/clerk/rules.aspx,not guilty,Goldie Ardling,4805-108
843232,in_court,https://kingcounty.gov/courts/clerk/rules.aspx,not guilty,Othelia Dunsmuir,6401-124
968472,resolved,https://kingcounty.gov/courts/clerk/rules.aspx,guilty,Melissa Heinz,1489-124
730304,in_progress,https://www.courts.wa.gov/court_rules/,not guilty,Zane Whichelow,7692-118
560887,resolved,https://www.courts.wa.gov/court_rules/,not guilty,Doria Skilling,8140-124
651040,resolved,https://kingcounty.gov/courts/clerk/rules.aspx,guilty,Elnar Brimmicombe,1100-110
976583,in_progress,https://www.courts.wa.gov/court_rules/,guilty,Pincus Smalecombe,3360-106
923165,in_progress,https://www.courts.wa.gov/court_rules/,not guilty,Daniele Guthrum,8140-110
889204,in_court,https://kingcounty.gov/courts/clerk/rules.aspx,not guilty,Bertie Stoves,2021-124
964240,resolved,https://www.courts.wa.gov/court_rules/,not guilty,Ellary Varga,4773-112
116656,resolved,https://www.courts.wa.gov/court_rules/,not guilty,Fannie Whopples,6708-106
430799,in_progress,https://kingcounty.gov/courts/clerk/rules.aspx,not guilty,Kellia Perl,1947-124
880993,in_progress,https://www.courts.wa.gov/court_rules/,guilty,Fernande Lowings,1489-124
397201,resolved,https://www.courts.wa.gov/court_rules/,guilty,Paulie Kleinbaum,2911-118
592075,resolved,https://kingcounty.gov/courts/clerk/rules.aspx,guilty,Dick Sparkwill,1489-124
137243,resolved,https://www.courts.wa.gov/court_rules/,not guilty,Sherlocke Swetman,4805-108
392181,in_court,https://kingcounty.gov/courts/clerk/rules.aspx,guilty,Leandra Nolleth,4268-106
413427,in_progress,https://www.courts.wa.gov/court_rules/,not guilty,Auria Meriot,6401-108
236157,resolved,https://kingcounty.gov/courts/clerk/rules.aspx,guilty,Holli Gini,4773-118
207985,in_court,https://kingcounty.gov/courts/clerk/rules.aspx,not guilty,Blanca Cleal,6708-120
965295,in_court,https://www.courts.wa.gov/court_rules/,guilty,Silvester Varvara,7692-106
788618,in_progress,https://kingcounty.gov/courts/clerk/rules.aspx,guilty,Melony Dericut,0813-110
441836,in_progress,https://www.courts.wa.gov/court_rules/,guilty,Xylina Craigg,2911-114
997954,in_court,https://kingcounty.gov/courts/clerk/rules.aspx,not guilty,Wainwright Rule,0813-110
543549,in_progress,https://www.courts.wa.gov/court_rules/,not guilty,Lev Pringell,0600-122
325109,in_court,https://kingcounty.gov/courts/clerk/rules.aspx,guilty,Trace Lanfranchi,3360-106
477893,in_court,https://kingcounty.gov/courts/clerk/rules.aspx,guilty,Carmen Sunner,4805-104
185361,in_court,https://kingcounty.gov/courts/clerk/rules.aspx,guilty,Ninnette Gaine,6374-102
394641,in_court,https://www.courts.wa.gov/court_rules/,not guilty,Murvyn Trapp,3704-104
733042,resolved,https://kingcounty.gov/courts/clerk/rules.aspx,guilty,Ravi Perfitt,8140-124
944525,resolved,https://kingcounty.gov/courts/clerk/rules.aspx,guilty,Fionna Jorden,2939-110
198364,in_progress,https://kingcounty.gov/courts/clerk/rules.aspx,not guilty,Myer Currington,3704-104
736823,in_progress,https://kingcounty.gov/courts/clerk/rules.aspx,not guilty,Mamie Tointon,1100-116
234934,resolved,https://kingcounty.gov/courts/clerk/rules.aspx,guilty,Quentin Mushawe,0813-106
179348,in_progress,https://kingcounty.gov/courts/clerk/rules.aspx,not guilty,Trude Bubeer,0813-110
635054,in_court,https://www.courts.wa.gov/court_rules/,not guilty,Fiorenze Debold,2423-122
288880,in_progress,https://kingcounty.gov/courts/clerk/rules.aspx,guilty,Farra Ahrens,1489-124
897748,resolved,https://www.courts.wa.gov/court_rules/,guilty,Ivette Ianitti,6374-102
631114,in_court,https://www.courts.wa.gov/court_rules/,not guilty,Penelopa Hubert,8757-122
904484,in_progress,https://kingcounty.gov/courts/clerk/rules.aspx,guilty,Myles Pascho,8140-122
695509,in_progress,https://www.courts.wa.gov/court_rules/,guilty,Rozalin Delatour,2423-122
186708,in_court,https://www.courts.wa.gov/court_rules/,not guilty,Kahaleel McPeeters,1100-110
866292,resolved,https://kingcounty.gov/courts/clerk/rules.aspx,guilty,Vivienne Shadwick,7692-120
990966,resolved,https://kingcounty.gov/courts/clerk/rules.aspx,guilty,Jaquith Canet,6401-110
789967,resolved,https://kingcounty.gov/courts/clerk/rules.aspx,not guilty,Ora Vigrass,4773-104
415885,in_court,https://www.courts.wa.gov/court_rules/,not guilty,Marnie Valentelli,6401-104
248988,in_progress,https://www.courts.wa.gov/court_rules/,not guilty,Emilee Holtaway,7817-106
759792,in_court,https://kingcounty.gov/courts/clerk/rules.aspx,not guilty,Brandon Kline,4773-118
682470,resolved,https://www.courts.wa.gov/court_rules/,not guilty,Ali Trowl,1100-104
590145,in_progress,https://www.courts.wa.gov/court_rules/,guilty,Hal Rapi,1489-100
224638,in_progress,https://www.courts.wa.gov/court_rules/,guilty,Knox Whiterod,8757-112
216126,resolved,https://kingcounty.gov/courts/clerk/rules.aspx,guilty,Nady Dowdell,1100-110
953990,in_court,https://www.courts.wa.gov/court_rules/,guilty,Crista McGavin,6374-102
882327,in_progress,https://www.courts.wa.gov/court_rules/,guilty,Art Hinksen,2423-124
269148,in_court,https://kingcounty.gov/courts/clerk/rules.aspx,guilty,Toma Kiljan,7692-120
570082,in_court,https://kingcounty.gov/courts/clerk/rules.aspx,not guilty,Mercie Mourbey,4268-106
383537,in_court,https://kingcounty.gov/courts/clerk/rules.aspx,guilty,Jessalyn Gherardelli,0813-114
440827,in_court,https://www.courts.wa.gov/court_rules/,guilty,Dalton Rouke,2939-102
283763,in_court,https://www.courts.wa.gov/court_rules/,guilty,Freeman Jewel,2423-122
218980,resolved,https://www.courts.wa.gov/court_rules/,guilty,Wendall Zecchinii,3360-118
512704,resolved,https://kingcounty.gov/courts/clerk/rules.aspx,guilty,Rosabelle Cours,0600-110
519571,resolved,https://kingcounty.gov/courts/clerk/rules.aspx,not guilty,Mal Harron,6401-104
351106,resolved,https://www.courts.wa.gov/court_rules/,guilty,Jerry Kirke,8140-100
284289,in_progress,https://www.courts.wa.gov/court_rules/,guilty,Murdock Eddy,1947-106
360573,resolved,https://www.courts.wa.gov/court_rules/,not guilty,Brittan Jedrzej,0813-110
935452,in_progress,https://kingcounty.gov/courts/clerk/rules.aspx,not guilty,Rudolph Chamberlin,1100-110
409161,in_court,https://kingcounty.gov/courts/clerk/rules.aspx,not guilty,Garvin McAllen,8140-120
699176,in_court,https://www.courts.wa.gov/court_rules/,guilty,Carolus Knill,0600-112
800130,in_progress,https://kingcounty.gov/courts/clerk/rules.aspx,not guilty,Isobel Romme,4773-118
614375,resolved,https://kingcounty.gov/courts/clerk/rules.aspx,not guilty,Wanda Perse,3085-100
925127,in_court,https://kingcounty.gov/courts/clerk/rules.aspx,guilty,Jobina Gonzales,5785-114
780021,resolved,https://kingcounty.gov/courts/clerk/rules.aspx,guilty,Ray Hatliffe,1100-100
626767,resolved,https://kingcounty.gov/courts/clerk/rules.aspx,guilty,Aluino Harmstone,7817-106
591422,in_court,https://kingcounty.gov/courts/clerk/rules.aspx,guilty,Lion Gelland,1568-124
886667,in_progress,https://kingcounty.gov/courts/clerk/rules.aspx,not guilty,Elias Persich,4700-104
168223,in_progress,https://kingcounty.gov/courts/clerk/rules.aspx,not guilty,Kathlin Currington,6374-102
596677,in_court,https://kingcounty.gov/courts/clerk/rules.aspx,not guilty,Leila Fashion,8140-124
391354,in_court,https://www.courts.wa.gov/court_rules/,guilty,Ulrike Rivaland,0600-122
129859,in_progress,https://www.courts.wa.gov/court_rules/,guilty,Sianna Scoyne,3571-122
964474,in_progress,https://www.courts.wa.gov/court_rules/,guilty,Hermia Giaomozzo,4773-112
238746,in_progress,https://www.courts.wa.gov/court_rules/,guilty,Gav Lundie,7692-118
880111,in_progress,https://kingcounty.gov/courts/clerk/rules.aspx,guilty,Jennine Crosston,8140-110
891290,resolved,https://kingcounty.gov/courts/clerk/rules.aspx,not guilty,Alanah Shilito,3571-114
506047,resolved,https://www.courts.wa.gov/court_rules/,not guilty,Mohandas Cluatt,1947-112
661700,in_court,https://kingcounty.gov/courts/clerk/rules.aspx,guilty,Ellerey Hawarden,6401-100
156314,in_court,https://www.courts.wa.gov/court_rules/,guilty,Deva Abrahamson,7922-124
903901,in_progress,https://www.courts.wa.gov/court_rules/,guilty,Elonore Kumaar,3571-122
350727,resolved,https://www.courts.wa.gov/court_rules/,guilty,Benedikta Boobier,7817-106
732739,in_progress,https://kingcounty.gov/courts/clerk/rules.aspx,guilty,Edith Matyatin,9999-100
283064,in_court,https://www.courts.wa.gov/court_rules/,not guilty,Padraig D'Oyley,4268-124
420713,resolved,https://kingcounty.gov/courts/clerk/rules.aspx,guilty,Ardith Fawcitt,7692-106
255331,in_court,https://www.courts.wa.gov/court_rules/,not guilty,Kaine McSporrin,0600-110
502294,in_court,https://www.courts.wa.gov/court_rules/,not guilty,Port Roger,4773-102
300401,resolved,https://kingcounty.gov/courts/clerk/rules.aspx,not guilty,Kile Merrigans,1100-116
680653,resolved,https://www.courts.wa.gov/court_rules/,guilty,Laural Chesters,1947-112
199846,in_progress,https://www.courts.wa.gov/court_rules/,guilty,Hedda Sims,2423-122
389858,resolved,https://www.courts.wa.gov/court_rules/,guilty,Catlin Kusick,3704-122
828341,in_progress,https://www.courts.wa.gov/court_rules/,not guilty,Clarisse Bartoleyn,3704-122
945912,resolved,https://kingcounty.gov/courts/clerk/rules.aspx,guilty,Lela Cattemull,2423-108
288158,resolved,https://www.courts.wa.gov/court_rules/,guilty,Byrle Allport,4773-102
597557,in_progress,https://kingcounty.gov/courts/clerk/rules.aspx,not guilty,Husein Toleman,0813-110
608665,in_progress,https://kingcounty.gov/courts/clerk/rules.aspx,guilty,Verge Volette,0813-114
885696,resolved,https://kingcounty.gov/courts/clerk/rules.aspx,not guilty,Virgil Larkings,1100-116
127857,resolved,https://www.courts.wa.gov/court_rules/,not guilty,Lyon Normadell,6708-120
414209,in_progress,https://www.courts.wa.gov/court_rules/,not guilty,Rhea Gilders,3085-100
456069,resolved,https://kingcounty.gov/courts/clerk/rules.aspx,not guilty,Morry Antonio,6708-106
867918,resolved,https://kingcounty.gov/courts/clerk/rules.aspx,guilty,Alie Voules,1489-100
463710,in_court,https://www.courts.wa.gov/court_rules/,guilty,Sonya De Mico,2911-118
859378,in_court,https://www.courts.wa.gov/court_rules/,guilty,Abra Van Der Hoog,0600-112
562160,in_court,https://www.courts.wa.gov/court_rules/,not guilty,Lydie Greenhough,8140-114
502544,resolved,https://kingcounty.gov/courts/clerk/rules.aspx,guilty,Ahmad Americi,1568-100
455957,in_progress,https://www.courts.wa.gov/court_rules/,not guilty,Welsh Logsdail,1489-100
193263,in_court,https://www.courts.wa.gov/court_rules/,not guilty,Darsie Boise,6401-100
702397,in_court,https://www.courts.wa.gov/court_rules/,guilty,Skyler Lacrouts,7692-120
512053,in_court,https://www.courts.wa.gov/court_rules/,guilty,Marga Dumbleton,1100-104
382037,resolved,https://www.courts.wa.gov/court_rules/,not guilty,Siana Roycroft,8140-102
554716,in_progress,https://kingcounty.gov/courts/clerk/rules.aspx,not guilty,Tish Fullstone,8140-100
410190,in_court,https://www.courts.wa.gov/court_rules/,not guilty,Mayer Rysom,1100-110
821312,in_court,https://www.courts.wa.gov/court_rules/,guilty,Lucas Heinl,6374-102
185551,resolved,https://kingcounty.gov/courts/clerk/rules.aspx,not guilty,Garvey Greenier,4805-108
362329,in_progress,https://kingcounty.gov/courts/clerk/rules.aspx,not guilty,Agosto Bertin,6708-120
674814,in_progress,https://kingcounty.gov/courts/clerk/rules.aspx,not guilty,Prissie Rasper,0600-122
468010,resolved,https://www.courts.wa.gov/court_rules/,guilty,Taite Hows,6401-104
846783,resolved,https://www.courts.wa.gov/court_rules/,not guilty,Vevay Spoor,8140-114
650093,resolved,https://kingcounty.gov/courts/clerk/rules.aspx,guilty,Isabeau Trahair,2911-122
771077,resolved,https://www.courts.wa.gov/court_rules/,not guilty,Sax Knipe,1568-124
701818,in_progress,https://www.courts.wa.gov/court_rules/,not guilty,Max Everal,8757-122
399272,in_court,https://www.courts.wa.gov/court_rules/,guilty,Danya Southwell,6401-110
326822,in_progress,https://www.courts.wa.gov/court_rules/,not guilty,Dacia Esslement,1947-112
262693,in_progress,https://kingcounty.gov/courts/clerk/rules.aspx,not guilty,Oralla Lightwing,4773-104
591164,in_court,https://kingcounty.gov/courts/clerk/rules.aspx,not guilty,Anett Walentynowicz,2911-114
880398,in_progress,https://www.courts.wa.gov/court_rules/,not guilty,Chilton Advani,6401-100
557544,resolved,https://kingcounty.gov/courts/clerk/rules.aspx,not guilty,Hort Helder,2911-122
610997,in_court,https://www.courts.wa.gov/court_rules/,not guilty,Haven Marder,4268-124
165847,in_progress,https://kingcounty.gov/courts/clerk/rules.aspx,guilty,Korrie Doers,0813-114
666187,in_progress,https://www.courts.wa.gov/court_rules/,guilty,Cobby Flory,2939-108
940350,resolved,https://kingcounty.gov/courts/clerk/rules.aspx,not guilty,Deane Gatman,5785-114
296672,in_court,https://kingcounty.gov/courts/clerk/rules.aspx,guilty,Ethyl Simner,4773-104
478090,resolved,https://www.courts.wa.gov/court_rules/,guilty,Christabel Ashdown,0813-110
776450,in_progress,https://www.courts.wa.gov/court_rules/,guilty,Zarla Gabbitas,6708-122
332677,resolved,https://www.courts.wa.gov/court_rules/,not guilty,Rab Kinnin,8140-124
521795,resolved,https://www.courts.wa.gov/court_rules/,guilty,Lucais Shillito,4613-106
685963,resolved,https://kingcounty.gov/courts/clerk/rules.aspx,guilty,Mauricio Robertsen,2423-116
764575,in_progress,https://www.courts.wa.gov/court_rules/,guilty,Glenna Shipsey,5785-104
645545,in_court,https://www.courts.wa.gov/court_rules/,not guilty,Chandra Vayro,2423-122
456000,resolved,https://www.courts.wa.gov/court_rules/,not guilty,Amargo Slainey,3085-100
823001,resolved,https://kingcounty.gov/courts/clerk/rules.aspx,guilty,Oliver Vaen,2939-102
337126,in_court,https://www.courts.wa.gov/court_rules/,not guilty,Valentine Kos,1947-106
836283,in_progress,https://kingcounty.gov/courts/clerk/rules.aspx,guilty,Shelbi Clipston,9999-100
614157,resolved,https://www.courts.wa.gov/court_rules/,guilty,Neila Pammenter,2423-116
651517,in_progress,https://kingcounty.gov/courts/clerk/rules.aspx,not guilty,Bekki MacDonnell,3360-118
571396,resolved,https://www.courts.wa.gov/court_rules/,not guilty,Mady Morrad,7817-106
599907,resolved,https://kingcounty.gov/courts/clerk/rules.aspx,not guilty,Rosaline Eglise,1100-116
836835,resolved,https://kingcounty.gov/courts/clerk/rules.aspx,not guilty,Caria Matyushenko,2911-106
946070,in_progress,https://kingcounty.gov/courts/clerk/rules.aspx,not guilty,Kirbie Del Castello,8140-122
616556,in_progress,https://www.courts.wa.gov/court_rules/,guilty,Bern Alderwick,1568-100
961918,resolved,https://kingcounty.gov/courts/clerk/rules.aspx,not guilty,Ajay Grishukhin,2021-124
609119,resolved,https://www.courts.wa.gov/court_rules/,guilty,Carey Brewers,4268-106
496939,resolved,https://www.courts.wa.gov/court_rules/,guilty,Leif McCuffie,4773-118
995297,in_court,https://www.courts.wa.gov/court_rules/,not guilty,Calhoun Fandrey,0813-114
312411,in_progress,https://www.courts.wa.gov/court_rules/,guilty,Darsie Sambell,8140-120
416907,in_court,https://kingcounty.gov/courts/clerk/rules.aspx,not guilty,Belva Darinton,0600-112
943142,resolved,https://www.courts.wa.gov/court_rules/,guilty,Teodora Divver,3704-122
314018,in_progress,https://kingcounty.gov/courts/clerk/rules.aspx,not guilty,Veradis Busfield,2911-114
873390,in_court,https://www.courts.wa.gov/court_rules/,not guilty,Dill Mycroft,6708-106
163529,resolved,https://kingcounty.gov/courts/clerk/rules.aspx,not guilty,Glynda Denacamp,2911-122
130121,resolved,https://kingcounty.gov/courts/clerk/rules.aspx,not guilty,Ax Andrivot,1568-124
199127,resolved,https://kingcounty.gov/courts/clerk/rules.aspx,not guilty,Brendan Kimmings,8757-122
679926,resolved,https://www.courts.wa.gov/court_rules/,not guilty,Pincus Doche,1100-104
809030,in_court,https://kingcounty.gov/courts/clerk/rules.aspx,not guilty,Gilburt Golledge,4805-104
411823,in_court,https://www.courts.wa.gov/court_rules/,not guilty,Olivier Judson,2939-102
661106,in_progress,https://www.courts.wa.gov/court_rules/,not guilty,Zoe Edlin,3360-106
871973,in_progress,https://kingcounty.gov/courts/clerk/rules.aspx,not guilty,Rod Neeves,6401-100
814249,in_court,https://kingcounty.gov/courts/clerk/rules.aspx,not guilty,Sydel Almeida,1489-100
994176,resolved,https://kingcounty.gov/courts/clerk/rules.aspx,guilty,Pepillo Fawson,2423-108
933059,in_progress,https://kingcounty.gov/courts/clerk/rules.aspx,not guilty,Nari Rawcliffe,6401-100
266839,in_court,https://kingcounty.gov/courts/clerk/rules.aspx,guilty,Bren Benbough,4805-104
160477,in_court,https://www.courts.wa.gov/court_rules/,guilty,Murial Calyton,0813-110
297051,resolved,https://kingcounty.gov/courts/clerk/rules.aspx,not guilty,Mathe Beades,8140-122
428170,resolved,https://www.courts.wa.gov/court_rules/,guilty,Merci Petow,3571-102
495016,resolved,https://kingcounty.gov/courts/clerk/rules.aspx,not guilty,Tarra Kingswoode,0813-110
890742,in_progress,https://kingcounty.gov/courts/clerk/rules.aspx,not guilty,Doris Gypson,0813-114
824977,in_court,https://www.courts.wa.gov/court_rules/,not guilty,Mignon Franzotto,2423-122
647490,in_progress,https://kingcounty.gov/courts/clerk/rules.aspx,guilty,Jaime Overell,1100-116
886335,in_court,https://www.courts.wa.gov/court_rules/,guilty,Sharyl Westlake,4805-108
546632,in_progress,https://www.courts.wa.gov/court_rules/,guilty,Harlen Behn,2911-114
249880,resolved,https://www.courts.wa.gov/court_rules/,guilty,Miranda Dybald,1568-100
160113,resolved,https://www.courts.wa.gov/court_rules/,guilty,Hanna Dax,8140-124
589465,in_court,https://kingcounty.gov/courts/clerk/rules.aspx,guilty,Miller Patullo,6401-108
455684,resolved,https://www.courts.wa.gov/court_rules/,not guilty,Fin Taggart,4613-106
786908,in_court,https://www.courts.wa.gov/court_rules/,guilty,Faulkner Brealey,1568-100
593971,in_progress,https://www.courts.wa.gov/court_rules/,not guilty,Letisha Everest,6401-108
658317,in_progress,https://www.courts.wa.gov/court_rules/,not guilty,Quintana Ianson,0813-114
398725,resolved,https://kingcounty.gov/courts/clerk/rules.aspx,guilty,Paton Durgan,1100-116
357972,in_court,https://kingcounty.gov/courts/clerk/rules.aspx,guilty,Doralynne Malyon,1568-108
466301,in_progress,https://www.courts.wa.gov/court_rules/,guilty,Em Henrichsen,7817-106
646808,in_court,https://kingcounty.gov/courts/clerk/rules.aspx,guilty,Wendeline Kiehne,1568-108
200360,in_court,https://www.courts.wa.gov/court_rules/,not guilty,Meridith Badder,8140-100
740322,in_court,https://kingcounty.gov/courts/clerk/rules.aspx,guilty,Maximo Huriche,6401-110
126382,in_progress,https://www.courts.wa.gov/court_rules/,not guilty,Lambert Biaggetti,2939-102
962781,in_progress,https://www.courts.wa.gov/court_rules/,guilty,Kaylyn Rogeron,6401-104
320370,in_progress,https://www.courts.wa.gov/court_rules/,not guilty,Cleopatra Conniam,2911-118
612254,in_progress,https://kingcounty.gov/courts/clerk/rules.aspx,not guilty,Nicolina Marriage,3360-118
718363,in_progress,https://kingcounty.gov/courts/clerk/rules.aspx,not guilty,Averyl Waskett,3704-104
497878,resolved,https://www.courts.wa.gov/court_rules/,guilty,Whitby Alvares,4268-106
328132,in_progress,https://kingcounty.gov/courts/clerk/rules.aspx,guilty,Torr Strafford,8140-122
146278,in_court,https://kingcounty.gov/courts/clerk/rules.aspx,guilty,Pedro Rodgerson,5785-114
951679,in_court,https://kingcounty.gov/courts/clerk/rules.aspx,not guilty,Marven Backen,4773-104
429195,in_court,https://kingcounty.gov/courts/clerk/rules.aspx,not guilty,Vally Agates,6708-120
970507,in_progress,https://www.courts.wa.gov/court_rules/,guilty,Jeri MacDiarmid,6374-102
770782,in_court,https://kingcounty.gov/courts/clerk/rules.aspx,guilty,Demetre De Brett,2911-122
575650,resolved,https://kingcounty.gov/courts/clerk/rules.aspx,not guilty,Fields Hourstan,1489-110
251773,resolved,https://www.courts.wa.gov/court_rules/,not guilty,Clarine Sushams,1568-108
134221,in_court,https://kingcounty.gov/courts/clerk/rules.aspx,not guilty,Ethan Abramino,4773-102
965979,in_court,https://kingcounty.gov/courts/clerk/rules.aspx,not guilty,Myrtie Medd,5785-122
835029,in_progress,https://www.courts.wa.gov/court_rules/,not guilty,Liuka Chinnock,3571-122
648802,in_court,https://kingcounty.gov/courts/clerk/rules.aspx,not guilty,Panchito Galler,4805-104
646834,in_progress,https://kingcounty.gov/courts/clerk/rules.aspx,not guilty,Courtnay Siemianowicz,0600-110
181996,in_progress,https://kingcounty.gov/courts/clerk/rules.aspx,guilty,Sammy Wyley,7817-106
598799,resolved,https://www.courts.wa.gov/court_rules/,guilty,Miltie Haxell,8757-112
366666,in_court,https://www.courts.wa.gov/court_rules/,guilty,Carola Jurick,1568-108
379232,resolved,https://kingcounty.gov/courts/clerk/rules.aspx,not guilty,Georgena Yeend,2939-100
327952,resolved,https://www.courts.wa.gov/court_rules/,guilty,August Glawsop,5785-110
493820,in_progress,https://www.courts.wa.gov/court_rules/,not guilty,Ede Adne,2423-122
213982,resolved,https://www.courts.wa.gov/court_rules/,guilty,Piotr Cisson,0813-110
534782,in_progress,https://www.courts.wa.gov/court_rules/,guilty,Florian Yearn,1947-124
124284,in_progress,https://www.courts.wa.gov/court_rules/,not guilty,Jeffy Decort,2423-122
282367,resolved,https://www.courts.wa.gov/court_rules/,not guilty,Dorette Lugsdin,7922-124
348765,in_progress,https://www.courts.wa.gov/court_rules/,not guilty,Scarface McGonigal,9999-100
315844,in_progress,https://kingcounty.gov/courts/clerk/rules.aspx,guilty,Ellyn Emig,2939-110
649886,in_progress,https://kingcounty.gov/courts/clerk/rules.aspx,not guilty,Joyan Evamy,1489-124
609163,in_court,https://kingcounty.gov/courts/clerk/rules.aspx,guilty,Farly Flather,1100-104
151369,in_progress,https://kingcounty.gov/courts/clerk/rules.aspx,guilty,Rolando Curwen,2939-110
104778,in_court,https://kingcounty.gov/courts/clerk/rules.aspx,not guilty,Jedediah Duferie,6374-102
245207,in_progress,https://kingcounty.gov/courts/clerk/rules.aspx,guilty,Janis Nolte,3360-118
515103,in_progress,https://kingcounty.gov/courts/clerk/rules.aspx,guilty,Betsey Schott,4773-102
345878,in_court,https://www.courts.wa.gov/court_rules/,guilty,Ileane Humpherston,7692-120
181261,in_court,https://www.courts.wa.gov/court_rules/,not guilty,Ali Vitall,8140-114
471796,resolved,https://kingcounty.gov/courts/clerk/rules.aspx,guilty,Alejandro Wanka,8140-104
641954,in_progress,https://kingcounty.gov/courts/clerk/rules.aspx,guilty,Samson Cronchey,5785-114
339173,in_court,https://kingcounty.gov/courts/clerk/rules.aspx,guilty,Alano Gosswell,5785-104
597656,in_court,https://www.courts.wa.gov/court_rules/,guilty,Reinald Schober,3360-118
829899,in_progress,https://www.courts.wa.gov/court_rules/,guilty,Alf Boarleyson,6401-112
187560,resolved,https://www.courts.wa.gov/court_rules/,guilty,Jeane Whitsun,5785-110
632773,resolved,https://kingcounty.gov/courts/clerk/rules.aspx,guilty,Helaina Laying,8140-122
423523,resolved,https://kingcounty.gov/courts/clerk/rules.aspx,guilty,Grier Slopier,5785-122
856710,in_court,https://kingcounty.gov/courts/clerk/rules.aspx,guilty,Phillipp Eckly,4805-108
936968,in_progress,https://www.courts.wa.gov/court_rules/,not guilty,Gearalt Ashcroft,4268-106
499696,resolved,https://www.courts.wa.gov/court_rules/,not guilty,Dode Trime,7692-120
487489,resolved,https://www.courts.wa.gov/court_rules/,guilty,Malena Wilds,1489-100
474989,in_court,https://www.courts.wa.gov/court_rules/,not guilty,Woodie Matzke,0600-122
467359,in_progress,https://www.courts.wa.gov/court_rules/,not guilty,Brandon Arnoldi,2939-100
941178,in_court,https://www.courts.wa.gov/court_rules/,not guilty,Brittaney Banaszczyk,8757-112
384275,in_progress,https://kingcounty.gov/courts/clerk/rules.aspx,guilty,Shay Bracken,2911-118
104194,in_court,https://www.courts.wa.gov/court_rules/,guilty,Domenic Griniov,3571-102
272866,in_progress,https://kingcounty.gov/courts/clerk/rules.aspx,guilty,Albert Barfitt,4805-108
700120,in_progress,https://www.courts.wa.gov/court_rules/,not guilty,Eveline Furmonger,7922-124
354845,resolved,https://kingcounty.gov/courts/clerk/rules.aspx,not guilty,Gabie Hugle,3360-106
482750,in_progress,https://kingcounty.gov/courts/clerk/rules.aspx,not guilty,Guthrie Casarino,6401-124
834605,in_progress,https://kingcounty.gov/courts/clerk/rules.aspx,not guilty,Nari Mc Ilory,4700-104
284313,in_court,https://www.courts.wa.gov/court_rules/,guilty,Guthrie Firidolfi,8140-124
211852,resolved,https://kingcounty.gov/courts/clerk/rules.aspx,not guilty,Alta Polotti,1100-116
927406,in_progress,https://kingcounty.gov/courts/clerk/rules.aspx,guilty,Cherry Pay,2939-110
446055,in_court,https://www.courts.wa.gov/court_rules/,not guilty,Donny Rue,4268-106
806467,resolved,https://kingcounty.gov/courts/clerk/rules.aspx,guilty,Kiersten Enticott,3360-118
155483,in_court,https://www.courts.wa.gov/court_rules/,not guilty,Erhart Cullington,2021-102
510435,resolved,https://kingcounty.gov/courts/clerk/rules.aspx,not guilty,Skyler Pampling,1489-124
983862,in_court,https://kingcounty.gov/courts/clerk/rules.aspx,not guilty,Towney Waddicor,8140-102
192413,resolved,https://kingcounty.gov/courts/clerk/rules.aspx,not guilty,Grayce Saynor,6708-120
737615,in_progress,https://kingcounty.gov/courts/clerk/rules.aspx,not guilty,Shanna Ferrarello,1100-100
648305,in_progress,https://www.courts.wa.gov/court_rules/,guilty,Jobey Hounsom,2911-106
419376,in_court,https://www.courts.wa.gov/court_rules/,guilty,Kandy Gut,4700-104
746293,in_court,https://www.courts.wa.gov/court_rules/,not guilty,Coop Hawkins,2423-122
189592,in_court,https://kingcounty.gov/courts/clerk/rules.aspx,not guilty,Valentijn Vasyutochkin,8140-120
739152,resolved,https://www.courts.wa.gov/court_rules/,not guilty,Neville Ternott,3704-104
580582,resolved,https://www.courts.wa.gov/court_rules/,guilty,Edan Wolland,1489-124
180448,in_court,https://kingcounty.gov/courts/clerk/rules.aspx,guilty,Brnaba Waith,1947-124
653098,in_progress,https://www.courts.wa.gov/court_rules/,guilty,Waylin St. Paul,2939-102
143127,in_court,https://kingcounty.gov/courts/clerk/rules.aspx,not guilty,Gerrie Lytle,0600-112
217408,in_court,https://kingcounty.gov/courts/clerk/rules.aspx,not guilty,Siobhan Samber,2939-110
432571,resolved,https://kingcounty.gov/courts/clerk/rules.aspx,guilty,Kipp Cuvley,8757-122
338874,in_progress,https://www.courts.wa.gov/court_rules/,not guilty,Iggy Emlin,5785-114
869595,in_progress,https://www.courts.wa.gov/court_rules/,guilty,Cole Jandak,2423-116
466896,in_court,https://kingcounty.gov/courts/clerk/rules.aspx,guilty,Georgena McAster,3360-112
954860,resolved,https://kingcounty.gov/courts/clerk/rules.aspx,not guilty,Carolin Krolak,0600-112
798876,in_court,https://www.courts.wa.gov/court_rules/,guilty,Tiena Ginger,5785-110
896886,in_court,https://kingcounty.gov/courts/clerk/rules.aspx,guilty,Carleton Knipe,5785-122
662890,in_progress,https://kingcounty.gov/courts/clerk/rules.aspx,not guilty,Ron Lister,0813-110
572907,in_court,https://www.courts.wa.gov/court_rules/,not guilty,Nial Spurden,3360-106
941928,resolved,https://www.courts.wa.gov/court_rules/,guilty,Ferdinand Hadgraft,8140-100
642797,resolved,https://www.courts.wa.gov/court_rules/,guilty,Gregoor Gravener,8140-120
788401,in_court,https://www.courts.wa.gov/court_rules/,not guilty,Matty Binford,4773-112
560783,resolved,https://kingcounty.gov/courts/clerk/rules.aspx,not guilty,Garnet Baythorp,2939-102
176963,in_court,https://www.courts.wa.gov/court_rules/,guilty,Sher Slixby,6401-106
407385,in_progress,https://www.courts.wa.gov/court_rules/,not guilty,Ripley Roostan,4700-104
865302,in_court,https://www.courts.wa.gov/court_rules/,guilty,Elora Rigbye,1947-124
752162,in_court,https://www.courts.wa.gov/court_rules/,not guilty,Cherin Dumberell,1100-104
694332,in_progress,https://kingcounty.gov/courts/clerk/rules.aspx,guilty,Harcourt Inott,4805-104
302161,in_progress,https://kingcounty.gov/courts/clerk/rules.aspx,guilty,Carolynn Dubois,7692-120
612527,resolved,https://www.courts.wa.gov/court_rules/,guilty,Renaldo Pipes,1100-116
